id,label
47224,0.00E+00
21217,2.00E+00
40243,0.00E+00
260,2.00E+00
22148,0.00E+00
11921,2.00E+00
40024,0.00E+00
36970,2.00E+00
7167,0.00E+00
3651,2.00E+00
32337,0.00E+00
5644,2.00E+00
51807,0.00E+00
65649,0.00E+00
54205,2.00E+00
21554,0.00E+00
51739,0.00E+00
51840,0.00E+00
46011,2.00E+00
10218,0.00E+00
44078,0.00E+00
40252,0.00E+00
8665,2.00E+00
27488,2.00E+00
58550,2.00E+00
9458,2.00E+00
17999,2.00E+00
45325,2.00E+00
58317,2.00E+00
18710,2.00E+00
44254,0.00E+00
20374,0.00E+00
9799,2.00E+00
21287,2.00E+00
51646,2.00E+00
35698,2.00E+00
52870,2.00E+00
31841,2.00E+00
15748,0.00E+00
66659,2.00E+00
52921,2.00E+00
20085,1.00E+00
45759,2.00E+00
14949,2.00E+00
60233,0.00E+00
6782,2.00E+00
55543,2.00E+00
25713,0.00E+00
44856,0.00E+00
57649,2.00E+00
27459,2.00E+00
38450,2.00E+00
26432,1.00E+00
36731,2.00E+00
70077,2.00E+00
22370,2.00E+00
25605,2.00E+00
22853,2.00E+00
13934,0.00E+00
44256,2.00E+00
5538,2.00E+00
55514,0.00E+00
2967,2.00E+00
14492,2.00E+00
69911,2.00E+00
21567,2.00E+00
60096,2.00E+00
34745,0.00E+00
36344,0.00E+00
61805,0.00E+00
16731,2.00E+00
51232,0.00E+00
29514,2.00E+00
54940,1.00E+00
51186,2.00E+00
36412,0.00E+00
13728,2.00E+00
67791,1.00E+00
38032,2.00E+00
24594,0.00E+00
55392,2.00E+00
13715,2.00E+00
69,2.00E+00
51632,1.00E+00
23995,0.00E+00
46625,2.00E+00
22317,2.00E+00
11571,0.00E+00
42544,2.00E+00
16881,2.00E+00
32191,0.00E+00
42073,2.00E+00
29062,2.00E+00
2197,2.00E+00
6117,0.00E+00
24965,2.00E+00
72424,2.00E+00
8220,2.00E+00
8294,2.00E+00
6334,1.00E+00
21375,0.00E+00
53807,0.00E+00
23898,0.00E+00
1059,2.00E+00
24004,2.00E+00
25721,2.00E+00
69139,2.00E+00
6424,0.00E+00
9258,0.00E+00
11591,0.00E+00
32929,0.00E+00
16917,2.00E+00
2977,1.00E+00
12940,1.00E+00
39664,2.00E+00
10359,2.00E+00
19859,2.00E+00
12530,0.00E+00
32751,0.00E+00
28280,2.00E+00
29323,2.00E+00
26693,2.00E+00
39691,0.00E+00
52528,0.00E+00
10020,0.00E+00
34333,2.00E+00
13850,2.00E+00
26115,0.00E+00
14866,0.00E+00
68688,0.00E+00
65192,2.00E+00
21295,2.00E+00
14306,0.00E+00
64498,0.00E+00
65272,2.00E+00
15252,2.00E+00
4436,2.00E+00
28553,0.00E+00
5062,2.00E+00
73790,2.00E+00
70904,2.00E+00
9927,2.00E+00
39448,2.00E+00
29129,2.00E+00
52318,2.00E+00
5213,0.00E+00
51923,0.00E+00
65550,0.00E+00
23601,0.00E+00
73730,0.00E+00
46252,2.00E+00
53496,2.00E+00
3053,2.00E+00
43473,2.00E+00
44587,0.00E+00
47909,0.00E+00
71214,2.00E+00
44781,2.00E+00
41218,0.00E+00
30684,2.00E+00
8649,0.00E+00
315,2.00E+00
39256,0.00E+00
1316,0.00E+00
51791,2.00E+00
29673,2.00E+00
10613,0.00E+00
34219,0.00E+00
6114,2.00E+00
48547,0.00E+00
63135,2.00E+00
25539,2.00E+00
66440,2.00E+00
70620,2.00E+00
55066,0.00E+00
31981,0.00E+00
15278,2.00E+00
16875,2.00E+00
4006,0.00E+00
32192,2.00E+00
49478,0.00E+00
8102,2.00E+00
11243,2.00E+00
32492,2.00E+00
64546,0.00E+00
47923,0.00E+00
46332,2.00E+00
61347,0.00E+00
68481,2.00E+00
35403,0.00E+00
28723,0.00E+00
4020,2.00E+00
33930,0.00E+00
60850,2.00E+00
4579,0.00E+00
63482,2.00E+00
72933,0.00E+00
57035,0.00E+00
32921,2.00E+00
69711,2.00E+00
17889,2.00E+00
20750,0.00E+00
47602,0.00E+00
11492,2.00E+00
43342,0.00E+00
9768,2.00E+00
58845,2.00E+00
1610,2.00E+00
3759,2.00E+00
40296,0.00E+00
31513,0.00E+00
61985,2.00E+00
72493,0.00E+00
13370,2.00E+00
31090,2.00E+00
64389,2.00E+00
63966,0.00E+00
48877,2.00E+00
40607,2.00E+00
7864,0.00E+00
16764,0.00E+00
30092,2.00E+00
49035,0.00E+00
37507,2.00E+00
18818,2.00E+00
50221,0.00E+00
17382,2.00E+00
13908,2.00E+00
50475,2.00E+00
29003,2.00E+00
63680,0.00E+00
72969,0.00E+00
2384,2.00E+00
41335,0.00E+00
3324,2.00E+00
60677,2.00E+00
73031,0.00E+00
3435,2.00E+00
31284,0.00E+00
71359,0.00E+00
32121,0.00E+00
20384,0.00E+00
46852,2.00E+00
64720,0.00E+00
62863,1.00E+00
49771,2.00E+00
71707,2.00E+00
39190,0.00E+00
1186,0.00E+00
53744,0.00E+00
32648,0.00E+00
2669,2.00E+00
37993,2.00E+00
31948,0.00E+00
44672,2.00E+00
67444,0.00E+00
54019,2.00E+00
13647,0.00E+00
38513,0.00E+00
66420,2.00E+00
31852,2.00E+00
69786,2.00E+00
42769,2.00E+00
44571,2.00E+00
19929,2.00E+00
25334,2.00E+00
69828,2.00E+00
57078,0.00E+00
57947,0.00E+00
45501,0.00E+00
71879,2.00E+00
20608,2.00E+00
17388,0.00E+00
44224,2.00E+00
9311,2.00E+00
41717,2.00E+00
29423,0.00E+00
27623,0.00E+00
70052,2.00E+00
37249,0.00E+00
53059,0.00E+00
52901,0.00E+00
14779,2.00E+00
31671,0.00E+00
17134,2.00E+00
53824,2.00E+00
73609,2.00E+00
16877,2.00E+00
55575,2.00E+00
58235,0.00E+00
55625,2.00E+00
58594,0.00E+00
46167,2.00E+00
55901,2.00E+00
16639,2.00E+00
56072,2.00E+00
37759,2.00E+00
65472,2.00E+00
46190,2.00E+00
49859,2.00E+00
48067,2.00E+00
55061,2.00E+00
64648,2.00E+00
36794,2.00E+00
51407,2.00E+00
64655,0.00E+00
68417,2.00E+00
22456,2.00E+00
13622,2.00E+00
24459,2.00E+00
66141,2.00E+00
57788,2.00E+00
3488,0.00E+00
56068,2.00E+00
62043,2.00E+00
53931,0.00E+00
71354,0.00E+00
47993,2.00E+00
56129,2.00E+00
49915,2.00E+00
65067,0.00E+00
60977,0.00E+00
64130,0.00E+00
30191,0.00E+00
21754,2.00E+00
62434,0.00E+00
29684,2.00E+00
46119,0.00E+00
13108,2.00E+00
69981,2.00E+00
27393,0.00E+00
28049,2.00E+00
21931,0.00E+00
5991,2.00E+00
12999,0.00E+00
46656,0.00E+00
45356,2.00E+00
65575,0.00E+00
66199,2.00E+00
68356,0.00E+00
30264,2.00E+00
27343,0.00E+00
20675,1.00E+00
4749,0.00E+00
16927,2.00E+00
53545,2.00E+00
69028,0.00E+00
51859,0.00E+00
7362,2.00E+00
62079,0.00E+00
21928,2.00E+00
33199,1.00E+00
133,2.00E+00
14595,2.00E+00
65647,0.00E+00
12700,2.00E+00
12027,2.00E+00
12620,2.00E+00
8337,0.00E+00
20249,2.00E+00
62112,2.00E+00
18638,0.00E+00
12135,2.00E+00
27043,2.00E+00
2088,2.00E+00
42746,0.00E+00
4710,2.00E+00
6377,2.00E+00
53988,2.00E+00
59480,2.00E+00
8921,0.00E+00
14282,0.00E+00
26637,2.00E+00
1080,2.00E+00
62009,2.00E+00
49399,2.00E+00
10566,2.00E+00
29290,2.00E+00
66273,2.00E+00
29007,0.00E+00
4732,2.00E+00
8905,0.00E+00
41665,0.00E+00
67874,2.00E+00
54361,2.00E+00
3711,0.00E+00
27869,0.00E+00
33814,0.00E+00
59475,2.00E+00
4592,2.00E+00
72063,0.00E+00
68969,2.00E+00
66218,0.00E+00
14663,0.00E+00
52045,0.00E+00
60319,2.00E+00
70715,2.00E+00
61546,2.00E+00
64072,0.00E+00
48492,2.00E+00
52070,2.00E+00
38071,0.00E+00
61586,2.00E+00
56883,0.00E+00
23727,0.00E+00
44007,0.00E+00
60468,2.00E+00
23294,2.00E+00
35860,0.00E+00
26956,2.00E+00
4862,2.00E+00
62127,2.00E+00
49503,2.00E+00
10400,2.00E+00
66801,2.00E+00
12652,2.00E+00
50518,2.00E+00
5907,2.00E+00
43188,2.00E+00
23606,2.00E+00
6850,2.00E+00
25602,0.00E+00
26501,2.00E+00
48520,2.00E+00
43443,2.00E+00
68219,1.00E+00
18586,2.00E+00
72587,2.00E+00
34062,2.00E+00
52975,0.00E+00
30750,0.00E+00
51715,2.00E+00
11883,0.00E+00
45791,2.00E+00
36966,2.00E+00
69792,2.00E+00
14911,0.00E+00
59231,2.00E+00
46947,0.00E+00
29836,2.00E+00
29195,2.00E+00
15198,2.00E+00
17449,2.00E+00
34519,2.00E+00
9443,0.00E+00
70573,2.00E+00
28838,2.00E+00
52010,2.00E+00
39729,2.00E+00
21793,0.00E+00
59294,2.00E+00
27357,0.00E+00
25062,2.00E+00
53527,2.00E+00
13778,2.00E+00
21065,2.00E+00
34263,2.00E+00
48002,0.00E+00
46396,2.00E+00
64402,0.00E+00
45652,2.00E+00
1409,2.00E+00
31997,0.00E+00
63083,0.00E+00
43841,0.00E+00
67895,0.00E+00
22573,2.00E+00
54321,2.00E+00
64396,0.00E+00
9809,0.00E+00
20216,2.00E+00
62874,0.00E+00
29393,0.00E+00
9654,2.00E+00
11660,0.00E+00
17068,2.00E+00
70842,2.00E+00
12222,0.00E+00
17000,0.00E+00
24951,2.00E+00
16015,2.00E+00
19912,2.00E+00
53584,0.00E+00
19135,0.00E+00
54248,2.00E+00
40850,0.00E+00
31480,0.00E+00
57010,0.00E+00
45388,2.00E+00
33568,0.00E+00
52976,2.00E+00
73521,0.00E+00
38159,2.00E+00
25355,2.00E+00
60644,2.00E+00
11316,2.00E+00
17686,2.00E+00
55851,0.00E+00
20957,2.00E+00
47068,2.00E+00
37787,2.00E+00
12798,2.00E+00
61166,2.00E+00
62728,2.00E+00
4617,0.00E+00
41620,0.00E+00
28844,2.00E+00
11251,0.00E+00
50276,2.00E+00
21357,0.00E+00
55792,2.00E+00
63056,2.00E+00
19018,0.00E+00
9634,0.00E+00
35383,2.00E+00
38148,0.00E+00
11331,2.00E+00
12231,2.00E+00
31194,2.00E+00
2434,2.00E+00
11842,0.00E+00
9770,0.00E+00
54437,2.00E+00
16623,2.00E+00
11949,0.00E+00
27721,0.00E+00
50006,2.00E+00
73176,0.00E+00
10882,0.00E+00
53565,2.00E+00
3338,2.00E+00
17259,2.00E+00
30468,2.00E+00
16892,2.00E+00
46789,0.00E+00
20864,2.00E+00
47458,2.00E+00
42107,2.00E+00
65808,2.00E+00
6848,2.00E+00
29237,1.00E+00
20667,0.00E+00
53903,2.00E+00
28116,0.00E+00
38741,0.00E+00
63590,0.00E+00
10756,2.00E+00
9779,2.00E+00
47983,2.00E+00
51970,2.00E+00
26904,2.00E+00
19880,2.00E+00
19362,2.00E+00
27263,2.00E+00
6195,0.00E+00
66948,2.00E+00
37493,2.00E+00
33511,2.00E+00
29411,2.00E+00
26027,2.00E+00
12113,2.00E+00
56261,2.00E+00
65435,2.00E+00
66074,2.00E+00
6185,2.00E+00
66725,2.00E+00
7916,2.00E+00
21906,2.00E+00
13958,2.00E+00
45102,2.00E+00
40748,0.00E+00
55816,2.00E+00
5433,2.00E+00
45391,0.00E+00
30995,0.00E+00
6958,1.00E+00
28640,2.00E+00
34598,0.00E+00
9057,2.00E+00
8060,2.00E+00
21088,2.00E+00
51627,2.00E+00
20011,2.00E+00
60092,0.00E+00
62943,1.00E+00
11539,2.00E+00
8408,2.00E+00
54246,0.00E+00
69675,0.00E+00
51188,2.00E+00
49495,2.00E+00
20175,0.00E+00
44109,2.00E+00
20262,2.00E+00
21023,2.00E+00
49046,0.00E+00
52540,2.00E+00
58599,0.00E+00
8708,0.00E+00
34384,2.00E+00
72159,2.00E+00
50684,0.00E+00
31305,0.00E+00
73262,0.00E+00
31799,0.00E+00
34342,2.00E+00
22575,0.00E+00
27453,0.00E+00
49056,0.00E+00
72357,2.00E+00
50959,0.00E+00
41923,0.00E+00
31226,2.00E+00
63746,2.00E+00
34251,0.00E+00
4056,0.00E+00
6247,2.00E+00
32069,2.00E+00
9916,2.00E+00
38058,0.00E+00
37217,0.00E+00
51919,0.00E+00
1716,0.00E+00
11735,2.00E+00
9585,2.00E+00
4336,0.00E+00
18571,2.00E+00
6571,0.00E+00
15440,2.00E+00
35297,2.00E+00
10418,2.00E+00
45538,0.00E+00
34079,2.00E+00
69689,1.00E+00
44116,0.00E+00
46653,2.00E+00
20424,0.00E+00
17308,2.00E+00
11904,0.00E+00
53561,2.00E+00
51808,2.00E+00
46860,1.00E+00
46685,2.00E+00
59011,2.00E+00
24720,0.00E+00
66835,2.00E+00
6972,2.00E+00
26523,0.00E+00
12801,0.00E+00
20363,0.00E+00
8729,2.00E+00
18659,2.00E+00
21994,2.00E+00
58189,0.00E+00
25766,0.00E+00
7751,0.00E+00
11681,0.00E+00
70025,0.00E+00
50422,2.00E+00
1727,2.00E+00
18180,2.00E+00
26359,0.00E+00
71372,0.00E+00
52833,2.00E+00
18263,2.00E+00
40485,2.00E+00
369,2.00E+00
32510,2.00E+00
74189,2.00E+00
40086,0.00E+00
27920,0.00E+00
5917,2.00E+00
60090,0.00E+00
66631,0.00E+00
2440,0.00E+00
61334,0.00E+00
72752,2.00E+00
32567,2.00E+00
28419,0.00E+00
27683,2.00E+00
45837,0.00E+00
38745,0.00E+00
3296,0.00E+00
65845,0.00E+00
72216,2.00E+00
30744,2.00E+00
38553,0.00E+00
12144,2.00E+00
61541,2.00E+00
15798,2.00E+00
5061,2.00E+00
32643,0.00E+00
4916,0.00E+00
16739,0.00E+00
72476,2.00E+00
8957,1.00E+00
1118,2.00E+00
37738,0.00E+00
5879,2.00E+00
19856,2.00E+00
46765,2.00E+00
5663,1.00E+00
57507,2.00E+00
58159,0.00E+00
53151,0.00E+00
27281,0.00E+00
20742,2.00E+00
52087,2.00E+00
7047,0.00E+00
22731,2.00E+00
38700,2.00E+00
14754,0.00E+00
43969,2.00E+00
6159,2.00E+00
8980,2.00E+00
73901,0.00E+00
12611,0.00E+00
58806,2.00E+00
48931,2.00E+00
66181,2.00E+00
13114,2.00E+00
46398,2.00E+00
34005,2.00E+00
11283,2.00E+00
35082,2.00E+00
18773,0.00E+00
6115,0.00E+00
13660,2.00E+00
5965,2.00E+00
22144,0.00E+00
50669,0.00E+00
41960,0.00E+00
31693,0.00E+00
68605,0.00E+00
69938,2.00E+00
47433,0.00E+00
61335,2.00E+00
14038,2.00E+00
24023,2.00E+00
23391,2.00E+00
17401,2.00E+00
41098,2.00E+00
38306,2.00E+00
73249,2.00E+00
71555,2.00E+00
65325,0.00E+00
49834,1.00E+00
26735,2.00E+00
69835,2.00E+00
62118,2.00E+00
3984,0.00E+00
36085,0.00E+00
69008,2.00E+00
64426,2.00E+00
17094,2.00E+00
13976,2.00E+00
3093,2.00E+00
34316,2.00E+00
49692,2.00E+00
72037,0.00E+00
62768,0.00E+00
68845,2.00E+00
13047,2.00E+00
51087,0.00E+00
57673,0.00E+00
7206,2.00E+00
63434,0.00E+00
46922,0.00E+00
18606,2.00E+00
2097,2.00E+00
27091,0.00E+00
68302,0.00E+00
30627,0.00E+00
64777,0.00E+00
31132,2.00E+00
61406,2.00E+00
60828,2.00E+00
67044,2.00E+00
6975,2.00E+00
8867,0.00E+00
59806,0.00E+00
30236,2.00E+00
63195,2.00E+00
14165,0.00E+00
45378,0.00E+00
19715,2.00E+00
2781,2.00E+00
45546,0.00E+00
55060,2.00E+00
6606,0.00E+00
28148,0.00E+00
27001,2.00E+00
72471,2.00E+00
61783,0.00E+00
44896,2.00E+00
57812,2.00E+00
64717,2.00E+00
9066,0.00E+00
55391,2.00E+00
55834,0.00E+00
3358,0.00E+00
3402,2.00E+00
9783,2.00E+00
68696,2.00E+00
20008,2.00E+00
45676,0.00E+00
27074,2.00E+00
40693,0.00E+00
17687,2.00E+00
52769,2.00E+00
36745,2.00E+00
32160,0.00E+00
668,2.00E+00
4674,0.00E+00
52666,0.00E+00
46865,0.00E+00
29387,2.00E+00
42832,2.00E+00
66449,0.00E+00
39126,1.00E+00
64838,2.00E+00
51336,0.00E+00
19142,0.00E+00
60952,0.00E+00
58558,2.00E+00
13459,0.00E+00
32436,0.00E+00
44944,0.00E+00
62857,2.00E+00
35034,2.00E+00
61580,2.00E+00
69854,2.00E+00
4704,0.00E+00
4715,2.00E+00
2090,1.00E+00
65395,2.00E+00
30987,0.00E+00
51801,2.00E+00
68868,0.00E+00
25658,2.00E+00
54513,1.00E+00
38701,2.00E+00
25830,0.00E+00
4933,2.00E+00
38983,2.00E+00
28944,2.00E+00
47186,2.00E+00
8631,0.00E+00
40446,0.00E+00
41947,2.00E+00
27058,2.00E+00
7564,2.00E+00
53857,2.00E+00
35089,0.00E+00
62213,2.00E+00
51227,0.00E+00
65673,0.00E+00
37571,0.00E+00
20993,0.00E+00
64976,2.00E+00
29904,0.00E+00
39165,2.00E+00
1209,2.00E+00
15298,0.00E+00
37341,0.00E+00
65243,2.00E+00
61597,0.00E+00
3328,2.00E+00
41526,2.00E+00
29729,2.00E+00
47103,2.00E+00
49167,2.00E+00
70771,2.00E+00
4903,2.00E+00
30617,0.00E+00
70063,2.00E+00
72958,2.00E+00
12334,0.00E+00
39670,0.00E+00
22298,2.00E+00
40942,2.00E+00
40218,2.00E+00
26867,2.00E+00
61103,0.00E+00
59290,0.00E+00
21608,2.00E+00
29926,0.00E+00
25143,2.00E+00
63340,0.00E+00
71767,2.00E+00
62535,2.00E+00
50182,2.00E+00
10569,2.00E+00
26640,2.00E+00
4224,2.00E+00
42944,2.00E+00
55194,2.00E+00
56051,0.00E+00
65855,2.00E+00
70374,0.00E+00
7028,2.00E+00
47980,2.00E+00
54500,2.00E+00
15588,0.00E+00
63201,0.00E+00
51284,0.00E+00
52373,2.00E+00
3115,0.00E+00
19986,2.00E+00
6291,0.00E+00
52997,0.00E+00
71635,0.00E+00
16195,2.00E+00
36035,2.00E+00
36914,2.00E+00
27329,0.00E+00
62500,2.00E+00
9304,2.00E+00
16935,2.00E+00
70209,0.00E+00
70671,2.00E+00
6453,0.00E+00
37479,2.00E+00
20083,0.00E+00
26617,2.00E+00
23304,2.00E+00
30015,2.00E+00
63107,2.00E+00
18236,0.00E+00
56554,2.00E+00
15132,2.00E+00
66746,0.00E+00
59378,0.00E+00
71447,0.00E+00
20589,2.00E+00
21521,2.00E+00
47485,2.00E+00
48359,2.00E+00
24780,0.00E+00
7989,0.00E+00
24309,0.00E+00
13631,0.00E+00
8624,0.00E+00
37047,0.00E+00
14968,2.00E+00
10773,0.00E+00
52763,0.00E+00
45139,0.00E+00
8385,2.00E+00
44649,0.00E+00
53777,0.00E+00
19323,2.00E+00
22269,2.00E+00
16748,0.00E+00
53879,2.00E+00
45907,0.00E+00
52358,0.00E+00
53868,0.00E+00
74145,0.00E+00
67307,2.00E+00
9151,2.00E+00
69492,2.00E+00
27653,0.00E+00
31174,0.00E+00
22058,0.00E+00
48386,2.00E+00
28203,0.00E+00
32217,2.00E+00
59481,1.00E+00
51618,0.00E+00
31011,2.00E+00
5960,2.00E+00
40254,0.00E+00
28319,2.00E+00
19826,2.00E+00
1446,2.00E+00
64111,0.00E+00
38017,2.00E+00
36882,2.00E+00
8292,2.00E+00
69252,0.00E+00
9130,2.00E+00
36611,2.00E+00
1587,2.00E+00
20530,0.00E+00
54605,2.00E+00
49523,2.00E+00
10959,0.00E+00
57991,2.00E+00
64613,2.00E+00
5697,2.00E+00
38174,2.00E+00
44132,0.00E+00
21454,0.00E+00
4833,0.00E+00
3808,2.00E+00
53966,2.00E+00
52762,0.00E+00
24273,0.00E+00
11600,2.00E+00
37188,0.00E+00
5347,0.00E+00
40747,2.00E+00
12669,2.00E+00
12403,2.00E+00
6914,0.00E+00
31167,0.00E+00
54132,0.00E+00
15231,0.00E+00
63502,0.00E+00
22305,2.00E+00
28140,2.00E+00
34816,2.00E+00
68071,0.00E+00
9944,2.00E+00
42066,0.00E+00
14073,0.00E+00
52476,2.00E+00
56527,0.00E+00
11178,0.00E+00
53955,0.00E+00
71513,0.00E+00
9908,2.00E+00
15378,0.00E+00
51829,2.00E+00
25440,2.00E+00
43088,0.00E+00
23631,2.00E+00
67173,2.00E+00
29905,2.00E+00
49719,0.00E+00
44541,2.00E+00
25801,0.00E+00
3392,2.00E+00
22813,0.00E+00
26684,0.00E+00
22187,0.00E+00
64814,2.00E+00
40810,2.00E+00
20390,2.00E+00
47779,2.00E+00
38510,2.00E+00
46198,1.00E+00
52041,2.00E+00
29219,2.00E+00
68526,0.00E+00
69846,2.00E+00
19023,2.00E+00
66321,2.00E+00
39980,0.00E+00
19932,0.00E+00
53437,2.00E+00
57962,2.00E+00
5691,2.00E+00
62595,1.00E+00
22046,2.00E+00
45548,2.00E+00
65970,2.00E+00
2008,0.00E+00
15505,2.00E+00
72211,2.00E+00
63031,2.00E+00
25747,2.00E+00
12852,2.00E+00
40189,0.00E+00
72549,2.00E+00
37660,2.00E+00
49939,0.00E+00
12118,0.00E+00
38632,2.00E+00
72478,0.00E+00
6869,0.00E+00
25529,2.00E+00
30134,2.00E+00
72200,2.00E+00
17344,0.00E+00
64608,2.00E+00
12321,0.00E+00
2445,2.00E+00
3961,2.00E+00
27124,0.00E+00
16131,2.00E+00
55856,2.00E+00
55774,2.00E+00
2265,2.00E+00
13328,0.00E+00
35212,2.00E+00
33062,2.00E+00
38897,2.00E+00
15887,2.00E+00
29349,2.00E+00
56994,2.00E+00
44732,2.00E+00
3083,0.00E+00
33822,2.00E+00
64319,2.00E+00
3368,0.00E+00
64306,2.00E+00
35943,0.00E+00
61460,2.00E+00
72765,2.00E+00
3732,0.00E+00
28905,2.00E+00
33220,0.00E+00
66002,2.00E+00
44503,2.00E+00
12623,2.00E+00
54347,0.00E+00
23269,0.00E+00
62294,0.00E+00
3613,2.00E+00
26193,2.00E+00
42462,0.00E+00
52183,0.00E+00
2596,2.00E+00
13334,1.00E+00
58961,2.00E+00
18415,2.00E+00
34831,2.00E+00
11570,2.00E+00
68877,0.00E+00
24938,0.00E+00
40988,2.00E+00
64989,2.00E+00
20883,0.00E+00
10099,2.00E+00
44233,0.00E+00
49496,2.00E+00
45056,2.00E+00
70110,2.00E+00
42176,0.00E+00
33201,2.00E+00
65586,0.00E+00
33799,0.00E+00
65921,0.00E+00
14941,2.00E+00
64161,0.00E+00
58856,2.00E+00
66764,0.00E+00
70338,0.00E+00
6176,0.00E+00
68630,2.00E+00
71554,0.00E+00
40304,2.00E+00
27423,2.00E+00
28272,2.00E+00
8910,0.00E+00
28480,0.00E+00
14978,0.00E+00
6121,0.00E+00
9666,2.00E+00
14794,2.00E+00
29379,0.00E+00
18073,0.00E+00
54301,2.00E+00
29924,2.00E+00
5733,2.00E+00
10835,2.00E+00
34438,2.00E+00
12906,2.00E+00
46068,2.00E+00
2052,2.00E+00
61184,2.00E+00
54462,0.00E+00
43890,2.00E+00
2850,2.00E+00
69122,2.00E+00
48978,2.00E+00
55633,2.00E+00
43165,0.00E+00
18928,2.00E+00
36765,2.00E+00
4790,2.00E+00
48772,0.00E+00
66671,1.00E+00
19753,2.00E+00
6412,0.00E+00
70222,2.00E+00
63235,2.00E+00
48836,0.00E+00
20529,2.00E+00
10191,2.00E+00
38689,0.00E+00
4127,2.00E+00
1310,2.00E+00
63110,2.00E+00
24630,2.00E+00
55925,0.00E+00
36132,2.00E+00
58588,2.00E+00
49132,2.00E+00
26324,0.00E+00
19282,0.00E+00
2678,2.00E+00
71031,2.00E+00
1563,0.00E+00
58865,2.00E+00
57339,0.00E+00
39465,0.00E+00
64232,0.00E+00
70322,1.00E+00
22544,2.00E+00
37875,2.00E+00
27318,0.00E+00
33624,0.00E+00
3162,2.00E+00
24060,2.00E+00
66699,2.00E+00
30852,2.00E+00
68449,0.00E+00
57146,2.00E+00
58741,2.00E+00
1202,0.00E+00
10192,0.00E+00
68618,2.00E+00
22615,2.00E+00
8506,2.00E+00
56675,2.00E+00
30819,2.00E+00
56828,2.00E+00
25217,2.00E+00
121,2.00E+00
2777,0.00E+00
15958,0.00E+00
41376,0.00E+00
5247,0.00E+00
44038,2.00E+00
68517,0.00E+00
57494,2.00E+00
50879,2.00E+00
66589,2.00E+00
3851,2.00E+00
39920,2.00E+00
38536,0.00E+00
61611,2.00E+00
51115,2.00E+00
57446,2.00E+00
54156,2.00E+00
65109,2.00E+00
51869,0.00E+00
28847,2.00E+00
33597,2.00E+00
24773,2.00E+00
63233,2.00E+00
21421,2.00E+00
55936,0.00E+00
36598,0.00E+00
69037,2.00E+00
63978,2.00E+00
35809,0.00E+00
58918,2.00E+00
21476,0.00E+00
6133,2.00E+00
55618,2.00E+00
30326,2.00E+00
19048,2.00E+00
63807,0.00E+00
49057,2.00E+00
42120,2.00E+00
56343,0.00E+00
54526,2.00E+00
45118,0.00E+00
3928,0.00E+00
40782,2.00E+00
30314,2.00E+00
15649,2.00E+00
13195,0.00E+00
60815,2.00E+00
11449,2.00E+00
51094,2.00E+00
53948,0.00E+00
53578,2.00E+00
15515,0.00E+00
21041,0.00E+00
2333,2.00E+00
13146,2.00E+00
20814,2.00E+00
40790,2.00E+00
17428,0.00E+00
22863,2.00E+00
50546,2.00E+00
40443,0.00E+00
19305,0.00E+00
41426,2.00E+00
626,0.00E+00
72177,0.00E+00
40338,0.00E+00
47905,0.00E+00
15409,2.00E+00
29528,0.00E+00
47006,0.00E+00
32450,0.00E+00
14599,2.00E+00
18870,2.00E+00
15272,2.00E+00
6826,0.00E+00
30390,0.00E+00
60019,2.00E+00
9191,0.00E+00
24404,0.00E+00
27397,2.00E+00
58347,2.00E+00
72559,2.00E+00
8084,2.00E+00
65236,2.00E+00
42796,0.00E+00
39919,2.00E+00
9730,2.00E+00
32764,2.00E+00
8100,2.00E+00
54112,2.00E+00
30378,2.00E+00
55047,0.00E+00
72438,0.00E+00
62272,2.00E+00
66318,0.00E+00
35838,0.00E+00
69895,2.00E+00
68989,2.00E+00
10173,2.00E+00
37042,0.00E+00
21653,2.00E+00
19969,2.00E+00
65173,2.00E+00
18222,0.00E+00
6071,0.00E+00
4093,2.00E+00
44430,0.00E+00
59004,2.00E+00
54737,2.00E+00
27135,2.00E+00
32086,2.00E+00
34717,2.00E+00
32864,2.00E+00
3725,2.00E+00
66326,2.00E+00
52898,0.00E+00
14862,2.00E+00
456,2.00E+00
46694,2.00E+00
71269,2.00E+00
930,0.00E+00
64679,2.00E+00
14440,0.00E+00
30936,0.00E+00
73309,2.00E+00
8165,0.00E+00
73546,0.00E+00
62731,0.00E+00
26230,0.00E+00
2356,2.00E+00
44783,2.00E+00
39598,0.00E+00
20357,2.00E+00
53045,2.00E+00
51742,2.00E+00
11199,2.00E+00
27824,2.00E+00
60856,0.00E+00
11281,0.00E+00
19255,0.00E+00
33524,2.00E+00
36734,0.00E+00
58679,2.00E+00
24026,2.00E+00
66438,2.00E+00
6174,2.00E+00
54571,0.00E+00
9564,2.00E+00
70607,2.00E+00
49848,2.00E+00
644,2.00E+00
58399,0.00E+00
33048,2.00E+00
17517,0.00E+00
19644,2.00E+00
47047,0.00E+00
72666,2.00E+00
46611,0.00E+00
17626,0.00E+00
66503,0.00E+00
55204,2.00E+00
47400,2.00E+00
65841,2.00E+00
35391,2.00E+00
2417,0.00E+00
21393,0.00E+00
21531,2.00E+00
4098,0.00E+00
36964,2.00E+00
37560,2.00E+00
58391,0.00E+00
46992,2.00E+00
71860,0.00E+00
60611,0.00E+00
734,0.00E+00
70477,2.00E+00
71337,0.00E+00
59583,2.00E+00
22576,2.00E+00
28059,2.00E+00
15812,0.00E+00
56096,0.00E+00
7904,0.00E+00
49016,2.00E+00
31430,2.00E+00
33772,0.00E+00
15414,0.00E+00
62101,2.00E+00
59646,1.00E+00
32311,2.00E+00
37754,0.00E+00
69420,2.00E+00
73473,2.00E+00
66200,0.00E+00
59238,2.00E+00
56528,2.00E+00
48457,0.00E+00
16905,0.00E+00
28208,0.00E+00
52422,0.00E+00
64353,2.00E+00
29740,2.00E+00
21423,2.00E+00
22910,2.00E+00
26092,2.00E+00
11012,2.00E+00
61969,0.00E+00
41301,0.00E+00
37013,0.00E+00
53537,0.00E+00
42265,0.00E+00
5126,0.00E+00
14424,2.00E+00
3320,2.00E+00
765,0.00E+00
42346,0.00E+00
24869,2.00E+00
5856,0.00E+00
23111,2.00E+00
72404,0.00E+00
49494,2.00E+00
38894,2.00E+00
39237,2.00E+00
17909,2.00E+00
52304,0.00E+00
66366,0.00E+00
15890,0.00E+00
64046,0.00E+00
38828,2.00E+00
36136,1.00E+00
36840,2.00E+00
48649,2.00E+00
45925,0.00E+00
36963,0.00E+00
11792,2.00E+00
9431,2.00E+00
13813,1.00E+00
10461,2.00E+00
72149,0.00E+00
32985,0.00E+00
61309,2.00E+00
8166,2.00E+00
15848,2.00E+00
73997,2.00E+00
35355,0.00E+00
13435,2.00E+00
20429,2.00E+00
48664,0.00E+00
69603,2.00E+00
25627,2.00E+00
2707,2.00E+00
5485,0.00E+00
58180,2.00E+00
59896,0.00E+00
56338,0.00E+00
30757,0.00E+00
55010,2.00E+00
51206,2.00E+00
5743,2.00E+00
1375,2.00E+00
4652,0.00E+00
24115,0.00E+00
4141,2.00E+00
62920,2.00E+00
3010,0.00E+00
34808,2.00E+00
38792,2.00E+00
296,2.00E+00
73792,0.00E+00
5269,2.00E+00
6988,2.00E+00
68069,0.00E+00
26961,2.00E+00
42354,2.00E+00
22535,2.00E+00
34975,2.00E+00
67245,0.00E+00
64681,2.00E+00
61808,2.00E+00
15690,2.00E+00
26619,2.00E+00
3862,2.00E+00
12095,2.00E+00
55982,2.00E+00
72665,2.00E+00
14905,2.00E+00
21484,2.00E+00
31491,2.00E+00
18858,2.00E+00
32397,2.00E+00
28712,2.00E+00
68013,2.00E+00
62420,1.00E+00
3434,2.00E+00
47076,0.00E+00
42498,2.00E+00
61744,0.00E+00
62490,2.00E+00
27821,0.00E+00
17291,0.00E+00
63876,2.00E+00
58361,0.00E+00
158,0.00E+00
67636,2.00E+00
28584,0.00E+00
34002,2.00E+00
37671,0.00E+00
27415,0.00E+00
30861,0.00E+00
3250,0.00E+00
60852,2.00E+00
10164,2.00E+00
3870,0.00E+00
7336,2.00E+00
48407,0.00E+00
30340,0.00E+00
4897,2.00E+00
20103,0.00E+00
21902,0.00E+00
26893,2.00E+00
23252,2.00E+00
30866,0.00E+00
6245,2.00E+00
59399,0.00E+00
54763,2.00E+00
25356,2.00E+00
5298,2.00E+00
15183,2.00E+00
14502,0.00E+00
6856,2.00E+00
47091,2.00E+00
45023,2.00E+00
23129,2.00E+00
48816,2.00E+00
62336,2.00E+00
1888,0.00E+00
34545,2.00E+00
46496,2.00E+00
23464,2.00E+00
27954,2.00E+00
65073,2.00E+00
70256,2.00E+00
4403,0.00E+00
2217,0.00E+00
32060,2.00E+00
61585,2.00E+00
52376,0.00E+00
54974,2.00E+00
34859,0.00E+00
27508,2.00E+00
43701,0.00E+00
69074,2.00E+00
29029,2.00E+00
57627,2.00E+00
6651,2.00E+00
58246,0.00E+00
33734,2.00E+00
43894,2.00E+00
68445,2.00E+00
38736,0.00E+00
3146,2.00E+00
14345,0.00E+00
61414,2.00E+00
50685,2.00E+00
11768,0.00E+00
26314,2.00E+00
9107,2.00E+00
39398,0.00E+00
12346,2.00E+00
6558,2.00E+00
49279,2.00E+00
20749,0.00E+00
41152,2.00E+00
68217,0.00E+00
64169,2.00E+00
19078,0.00E+00
36695,0.00E+00
36346,2.00E+00
12397,2.00E+00
33892,0.00E+00
32629,2.00E+00
17281,2.00E+00
72837,2.00E+00
68383,2.00E+00
5493,0.00E+00
10368,2.00E+00
26284,2.00E+00
50578,2.00E+00
45901,2.00E+00
14742,0.00E+00
30050,0.00E+00
22689,2.00E+00
66099,2.00E+00
6539,0.00E+00
12519,2.00E+00
24319,0.00E+00
41849,2.00E+00
63714,0.00E+00
13106,0.00E+00
35662,0.00E+00
26775,0.00E+00
38317,2.00E+00
21993,0.00E+00
64469,0.00E+00
3709,2.00E+00
9398,2.00E+00
17071,2.00E+00
59748,2.00E+00
22098,2.00E+00
12854,2.00E+00
22593,2.00E+00
15418,2.00E+00
844,2.00E+00
1246,0.00E+00
60156,2.00E+00
15141,2.00E+00
22757,2.00E+00
36838,0.00E+00
29727,2.00E+00
53949,0.00E+00
34590,0.00E+00
32012,0.00E+00
59436,2.00E+00
40875,2.00E+00
5840,2.00E+00
21586,0.00E+00
40297,2.00E+00
51865,2.00E+00
65402,2.00E+00
30837,2.00E+00
39418,0.00E+00
6570,0.00E+00
42090,2.00E+00
45580,2.00E+00
46894,2.00E+00
13801,2.00E+00
51193,2.00E+00
44923,2.00E+00
1710,0.00E+00
5319,2.00E+00
9780,0.00E+00
55130,2.00E+00
56213,0.00E+00
1069,2.00E+00
36716,2.00E+00
63638,2.00E+00
1581,2.00E+00
58537,0.00E+00
72545,0.00E+00
11355,2.00E+00
49186,2.00E+00
64661,2.00E+00
36644,0.00E+00
8214,0.00E+00
45861,0.00E+00
40752,2.00E+00
38527,2.00E+00
15336,0.00E+00
33639,2.00E+00
40740,2.00E+00
19861,2.00E+00
18746,2.00E+00
61607,0.00E+00
8424,2.00E+00
70420,2.00E+00
14672,0.00E+00
60812,0.00E+00
62092,2.00E+00
66745,2.00E+00
32172,2.00E+00
39892,0.00E+00
26305,2.00E+00
51884,0.00E+00
69624,2.00E+00
64885,0.00E+00
50286,0.00E+00
10453,0.00E+00
42503,0.00E+00
54709,0.00E+00
6454,0.00E+00
9664,2.00E+00
12315,0.00E+00
62358,2.00E+00
62645,2.00E+00
52717,0.00E+00
4085,1.00E+00
30181,2.00E+00
36399,2.00E+00
28503,2.00E+00
56964,2.00E+00
7163,1.00E+00
66137,0.00E+00
15773,0.00E+00
44092,2.00E+00
58435,2.00E+00
52158,0.00E+00
29490,0.00E+00
11447,2.00E+00
3948,0.00E+00
41507,0.00E+00
20595,2.00E+00
14103,2.00E+00
1907,0.00E+00
10465,0.00E+00
69287,0.00E+00
58181,2.00E+00
51606,0.00E+00
25384,1.00E+00
66167,2.00E+00
35594,2.00E+00
10921,0.00E+00
38645,0.00E+00
44042,0.00E+00
19112,2.00E+00
9862,0.00E+00
64569,2.00E+00
16716,2.00E+00
55435,2.00E+00
71755,2.00E+00
70636,2.00E+00
43249,2.00E+00
61851,2.00E+00
27290,2.00E+00
45644,2.00E+00
50340,2.00E+00
41688,2.00E+00
544,0.00E+00
44454,0.00E+00
8989,2.00E+00
21583,0.00E+00
20108,2.00E+00
23773,2.00E+00
24532,2.00E+00
73268,1.00E+00
61066,0.00E+00
46835,2.00E+00
67156,2.00E+00
46748,0.00E+00
27142,2.00E+00
18811,2.00E+00
39209,2.00E+00
58238,1.00E+00
10070,2.00E+00
60423,0.00E+00
29979,2.00E+00
44252,0.00E+00
62999,2.00E+00
65101,2.00E+00
54839,2.00E+00
29424,2.00E+00
35956,0.00E+00
68149,2.00E+00
52701,0.00E+00
61218,2.00E+00
29081,2.00E+00
28740,2.00E+00
3342,2.00E+00
25222,0.00E+00
32240,2.00E+00
28157,2.00E+00
18101,0.00E+00
38488,2.00E+00
66073,2.00E+00
39400,2.00E+00
44397,2.00E+00
32512,2.00E+00
59946,2.00E+00
73477,0.00E+00
71929,2.00E+00
26806,2.00E+00
48504,2.00E+00
9747,2.00E+00
60807,2.00E+00
22574,2.00E+00
59079,2.00E+00
14030,2.00E+00
8376,2.00E+00
32885,2.00E+00
52073,2.00E+00
19169,2.00E+00
73707,0.00E+00
14188,0.00E+00
66088,2.00E+00
9926,2.00E+00
53176,2.00E+00
22939,0.00E+00
72383,0.00E+00
61866,2.00E+00
1443,0.00E+00
3127,0.00E+00
9076,0.00E+00
8240,2.00E+00
60365,2.00E+00
32904,0.00E+00
58627,0.00E+00
70418,2.00E+00
8797,0.00E+00
25959,2.00E+00
68768,0.00E+00
13315,0.00E+00
73624,2.00E+00
58926,2.00E+00
38463,1.00E+00
27928,0.00E+00
19053,0.00E+00
6777,0.00E+00
61646,2.00E+00
16621,0.00E+00
11027,0.00E+00
6545,2.00E+00
41561,2.00E+00
15381,0.00E+00
62975,2.00E+00
13425,2.00E+00
63178,2.00E+00
35875,0.00E+00
48169,0.00E+00
12077,0.00E+00
14279,2.00E+00
53456,2.00E+00
58809,2.00E+00
59124,0.00E+00
57028,2.00E+00
32062,2.00E+00
31482,2.00E+00
7126,0.00E+00
47248,2.00E+00
68295,0.00E+00
46802,0.00E+00
47338,2.00E+00
54090,0.00E+00
24964,2.00E+00
3557,2.00E+00
11022,0.00E+00
13276,2.00E+00
7666,2.00E+00
67989,0.00E+00
58157,2.00E+00
16043,0.00E+00
65881,0.00E+00
6552,2.00E+00
50184,2.00E+00
10356,0.00E+00
61287,2.00E+00
46067,1.00E+00
41764,2.00E+00
20059,0.00E+00
69092,0.00E+00
8391,0.00E+00
35595,0.00E+00
40432,0.00E+00
9350,2.00E+00
32479,2.00E+00
43266,2.00E+00
34235,0.00E+00
55247,2.00E+00
59471,0.00E+00
48358,2.00E+00
30929,2.00E+00
46616,0.00E+00
14320,2.00E+00
48524,2.00E+00
24702,0.00E+00
34810,2.00E+00
59051,2.00E+00
28193,0.00E+00
36735,2.00E+00
18365,0.00E+00
60854,2.00E+00
66600,2.00E+00
68849,2.00E+00
6123,0.00E+00
16491,2.00E+00
57294,2.00E+00
37793,0.00E+00
37232,0.00E+00
59155,2.00E+00
62889,2.00E+00
32187,0.00E+00
70744,2.00E+00
31738,2.00E+00
44796,2.00E+00
55383,2.00E+00
46973,2.00E+00
13919,2.00E+00
52232,0.00E+00
16113,0.00E+00
49150,2.00E+00
27445,2.00E+00
11393,2.00E+00
54754,2.00E+00
50881,2.00E+00
6400,0.00E+00
40185,2.00E+00
37500,2.00E+00
27537,2.00E+00
11409,2.00E+00
68247,0.00E+00
22909,2.00E+00
48282,0.00E+00
30521,2.00E+00
16362,0.00E+00
73909,2.00E+00
5353,2.00E+00
28739,2.00E+00
47342,2.00E+00
39260,0.00E+00
68500,0.00E+00
31507,2.00E+00
11809,2.00E+00
20330,2.00E+00
45423,2.00E+00
26289,0.00E+00
25201,0.00E+00
29116,2.00E+00
46179,0.00E+00
59697,1.00E+00
46277,0.00E+00
66021,2.00E+00
15663,2.00E+00
73765,1.00E+00
62805,0.00E+00
30370,2.00E+00
26816,2.00E+00
7663,2.00E+00
41003,2.00E+00
13834,2.00E+00
69725,0.00E+00
3468,0.00E+00
72087,2.00E+00
33668,2.00E+00
35889,0.00E+00
4568,2.00E+00
36993,2.00E+00
11695,0.00E+00
38322,0.00E+00
24213,2.00E+00
46090,0.00E+00
32925,0.00E+00
67048,0.00E+00
55308,0.00E+00
6613,0.00E+00
12301,2.00E+00
15263,2.00E+00
63398,2.00E+00
10747,2.00E+00
56637,0.00E+00
54230,0.00E+00
14634,2.00E+00
53542,0.00E+00
58597,2.00E+00
49285,0.00E+00
17638,0.00E+00
12930,2.00E+00
54739,2.00E+00
289,2.00E+00
50463,2.00E+00
12956,2.00E+00
13788,2.00E+00
38380,2.00E+00
34259,2.00E+00
41973,0.00E+00
18920,0.00E+00
18468,2.00E+00
47928,0.00E+00
18547,2.00E+00
13492,2.00E+00
28768,2.00E+00
45437,2.00E+00
62354,2.00E+00
34008,0.00E+00
10265,2.00E+00
58723,2.00E+00
1763,2.00E+00
16360,0.00E+00
6019,2.00E+00
44618,2.00E+00
25943,2.00E+00
45025,0.00E+00
26972,2.00E+00
25737,2.00E+00
27924,2.00E+00
46815,2.00E+00
33186,2.00E+00
66242,2.00E+00
35088,2.00E+00
36322,0.00E+00
54647,0.00E+00
65337,2.00E+00
74187,2.00E+00
69696,0.00E+00
1030,0.00E+00
3348,2.00E+00
33322,2.00E+00
2698,0.00E+00
71411,0.00E+00
55506,2.00E+00
9049,0.00E+00
55005,2.00E+00
27916,2.00E+00
59961,0.00E+00
62919,0.00E+00
1567,1.00E+00
15427,2.00E+00
27096,2.00E+00
24088,2.00E+00
50041,2.00E+00
49328,2.00E+00
61639,2.00E+00
66546,0.00E+00
40880,0.00E+00
57900,2.00E+00
29771,0.00E+00
23572,2.00E+00
59985,0.00E+00
546,0.00E+00
63116,0.00E+00
22022,0.00E+00
19097,0.00E+00
8892,0.00E+00
63252,2.00E+00
13782,2.00E+00
31234,2.00E+00
3542,2.00E+00
74045,0.00E+00
5190,0.00E+00
20286,0.00E+00
21467,0.00E+00
32166,0.00E+00
44773,0.00E+00
24701,0.00E+00
31793,2.00E+00
43820,0.00E+00
35916,2.00E+00
27606,0.00E+00
28275,2.00E+00
60924,2.00E+00
7467,2.00E+00
17092,2.00E+00
64768,0.00E+00
10442,0.00E+00
46282,2.00E+00
52439,2.00E+00
55650,2.00E+00
42113,0.00E+00
55170,0.00E+00
11319,0.00E+00
2227,0.00E+00
40760,0.00E+00
44863,2.00E+00
37024,0.00E+00
29357,0.00E+00
69888,2.00E+00
52781,2.00E+00
22894,0.00E+00
34378,2.00E+00
40213,2.00E+00
33785,2.00E+00
36393,0.00E+00
39977,0.00E+00
1128,2.00E+00
5793,0.00E+00
10290,2.00E+00
2101,2.00E+00
21897,2.00E+00
38539,2.00E+00
58017,2.00E+00
61605,2.00E+00
22738,2.00E+00
10302,2.00E+00
37558,2.00E+00
26842,2.00E+00
44433,0.00E+00
32096,2.00E+00
24029,2.00E+00
3196,0.00E+00
10737,2.00E+00
60193,0.00E+00
72110,2.00E+00
54176,2.00E+00
53181,0.00E+00
63057,0.00E+00
9037,2.00E+00
66701,2.00E+00
1938,2.00E+00
2663,0.00E+00
4644,2.00E+00
20098,2.00E+00
1366,0.00E+00
177,2.00E+00
31500,2.00E+00
60853,0.00E+00
8302,2.00E+00
26484,0.00E+00
35276,0.00E+00
50652,2.00E+00
22226,0.00E+00
23344,2.00E+00
29591,2.00E+00
64007,2.00E+00
45629,0.00E+00
59542,2.00E+00
25023,0.00E+00
22094,2.00E+00
23517,2.00E+00
72358,0.00E+00
63408,2.00E+00
70921,2.00E+00
36443,0.00E+00
22643,2.00E+00
3853,2.00E+00
6833,2.00E+00
66463,2.00E+00
49936,2.00E+00
49574,2.00E+00
5975,0.00E+00
60385,2.00E+00
44679,0.00E+00
14618,2.00E+00
72696,2.00E+00
47125,2.00E+00
38842,0.00E+00
10487,0.00E+00
64212,2.00E+00
37334,0.00E+00
20778,2.00E+00
65555,2.00E+00
40686,0.00E+00
68985,0.00E+00
49448,2.00E+00
73029,0.00E+00
4159,0.00E+00
39442,2.00E+00
26164,2.00E+00
53935,1.00E+00
10370,2.00E+00
3749,2.00E+00
60622,0.00E+00
9476,2.00E+00
65913,2.00E+00
70741,0.00E+00
25740,0.00E+00
41491,0.00E+00
18159,2.00E+00
16494,2.00E+00
5810,0.00E+00
19796,2.00E+00
7045,1.00E+00
65570,2.00E+00
22891,2.00E+00
12767,2.00E+00
39097,2.00E+00
24687,0.00E+00
68134,2.00E+00
62141,2.00E+00
58568,0.00E+00
42598,2.00E+00
35583,0.00E+00
64375,2.00E+00
5384,2.00E+00
23242,2.00E+00
74115,0.00E+00
38074,0.00E+00
19756,0.00E+00
1352,2.00E+00
35022,2.00E+00
47048,2.00E+00
33849,0.00E+00
49703,2.00E+00
19380,2.00E+00
12977,2.00E+00
15560,2.00E+00
44368,2.00E+00
72658,2.00E+00
9821,2.00E+00
10771,0.00E+00
11041,2.00E+00
52960,2.00E+00
35847,2.00E+00
10956,2.00E+00
5192,2.00E+00
57252,0.00E+00
25733,0.00E+00
39685,2.00E+00
25288,2.00E+00
60239,2.00E+00
25888,0.00E+00
11832,2.00E+00
71572,2.00E+00
23558,2.00E+00
38453,2.00E+00
34114,2.00E+00
67266,0.00E+00
30060,0.00E+00
60326,2.00E+00
51870,2.00E+00
17249,0.00E+00
71134,0.00E+00
64700,2.00E+00
16397,2.00E+00
30801,2.00E+00
17972,2.00E+00
29758,0.00E+00
41348,0.00E+00
40658,2.00E+00
50688,0.00E+00
39658,2.00E+00
27105,2.00E+00
3254,2.00E+00
64740,2.00E+00
47371,0.00E+00
28529,2.00E+00
34159,2.00E+00
18125,2.00E+00
64160,0.00E+00
47625,0.00E+00
22778,2.00E+00
14753,0.00E+00
47146,2.00E+00
40154,2.00E+00
12504,2.00E+00
72662,2.00E+00
65126,0.00E+00
17016,2.00E+00
30032,2.00E+00
23457,2.00E+00
36536,0.00E+00
64134,1.00E+00
8773,2.00E+00
10894,2.00E+00
29285,0.00E+00
52830,2.00E+00
32602,2.00E+00
29229,0.00E+00
34940,2.00E+00
5083,2.00E+00
73877,0.00E+00
55731,0.00E+00
39803,1.00E+00
14325,2.00E+00
54003,2.00E+00
13898,2.00E+00
54720,2.00E+00
7893,2.00E+00
51256,2.00E+00
114,2.00E+00
1927,2.00E+00
45324,2.00E+00
23349,0.00E+00
27650,0.00E+00
23052,0.00E+00
59279,0.00E+00
9259,2.00E+00
47272,2.00E+00
20456,1.00E+00
40940,0.00E+00
36782,2.00E+00
53830,0.00E+00
24779,0.00E+00
61624,0.00E+00
65292,2.00E+00
13388,2.00E+00
17099,0.00E+00
30976,0.00E+00
58904,0.00E+00
63671,0.00E+00
42643,2.00E+00
60654,2.00E+00
46100,2.00E+00
797,1.00E+00
58383,2.00E+00
35636,2.00E+00
58718,2.00E+00
28963,0.00E+00
55649,0.00E+00
21378,0.00E+00
28239,2.00E+00
43888,2.00E+00
8727,2.00E+00
8595,2.00E+00
26737,0.00E+00
51959,2.00E+00
72013,0.00E+00
63594,2.00E+00
60022,2.00E+00
15434,2.00E+00
49810,1.00E+00
23216,0.00E+00
47541,0.00E+00
66121,0.00E+00
41381,2.00E+00
59846,2.00E+00
59407,2.00E+00
58706,2.00E+00
881,0.00E+00
47445,0.00E+00
3021,2.00E+00
10802,2.00E+00
25638,2.00E+00
67839,2.00E+00
68240,0.00E+00
38959,2.00E+00
13155,2.00E+00
56721,2.00E+00
58068,2.00E+00
9523,0.00E+00
58464,0.00E+00
24049,2.00E+00
74144,0.00E+00
73403,2.00E+00
46233,0.00E+00
61046,2.00E+00
53173,0.00E+00
59097,0.00E+00
41924,2.00E+00
67584,2.00E+00
7856,0.00E+00
52435,0.00E+00
2748,2.00E+00
44113,0.00E+00
20288,2.00E+00
67725,0.00E+00
65124,2.00E+00
48463,2.00E+00
12488,2.00E+00
35832,0.00E+00
48244,0.00E+00
49148,2.00E+00
22715,0.00E+00
9147,2.00E+00
39660,2.00E+00
67295,2.00E+00
61853,2.00E+00
52846,0.00E+00
45089,0.00E+00
14272,2.00E+00
6108,0.00E+00
4851,2.00E+00
18256,2.00E+00
68937,2.00E+00
22809,0.00E+00
33433,2.00E+00
69657,0.00E+00
54390,2.00E+00
44089,2.00E+00
24498,2.00E+00
59811,2.00E+00
71434,0.00E+00
48240,2.00E+00
15053,2.00E+00
54395,0.00E+00
15700,2.00E+00
41265,2.00E+00
56738,2.00E+00
54514,2.00E+00
55339,2.00E+00
3408,2.00E+00
41631,2.00E+00
71112,2.00E+00
17691,2.00E+00
56640,0.00E+00
59872,2.00E+00
52633,2.00E+00
5842,0.00E+00
37177,2.00E+00
25297,2.00E+00
44971,2.00E+00
2957,2.00E+00
5892,2.00E+00
64672,2.00E+00
58644,2.00E+00
20028,2.00E+00
2461,2.00E+00
34027,0.00E+00
18462,2.00E+00
65309,0.00E+00
28714,2.00E+00
30241,2.00E+00
25683,0.00E+00
6286,0.00E+00
18114,0.00E+00
71865,2.00E+00
57730,0.00E+00
71588,0.00E+00
53749,2.00E+00
60692,0.00E+00
45406,2.00E+00
12621,2.00E+00
33978,2.00E+00
6388,2.00E+00
17731,0.00E+00
70686,2.00E+00
50082,2.00E+00
67233,2.00E+00
6905,2.00E+00
900,0.00E+00
34092,0.00E+00
33958,2.00E+00
6685,0.00E+00
45338,2.00E+00
17383,0.00E+00
14258,2.00E+00
35348,2.00E+00
3214,2.00E+00
56172,0.00E+00
61420,0.00E+00
22999,0.00E+00
4019,2.00E+00
62929,0.00E+00
70968,2.00E+00
36696,0.00E+00
73631,2.00E+00
56109,2.00E+00
52880,0.00E+00
13240,0.00E+00
46344,0.00E+00
62041,2.00E+00
71158,2.00E+00
16184,2.00E+00
46970,0.00E+00
29134,0.00E+00
46288,2.00E+00
2236,2.00E+00
65043,2.00E+00
48650,0.00E+00
38750,2.00E+00
37241,2.00E+00
60370,0.00E+00
41404,0.00E+00
34182,0.00E+00
46444,0.00E+00
72146,2.00E+00
68191,0.00E+00
36108,0.00E+00
33447,2.00E+00
65609,0.00E+00
3048,0.00E+00
11666,2.00E+00
60990,2.00E+00
27204,2.00E+00
14195,2.00E+00
13732,0.00E+00
9192,0.00E+00
63139,0.00E+00
7813,0.00E+00
25164,0.00E+00
50416,1.00E+00
60289,0.00E+00
1990,2.00E+00
32268,2.00E+00
72462,0.00E+00
28675,2.00E+00
33619,0.00E+00
19014,2.00E+00
27962,0.00E+00
7165,2.00E+00
57636,2.00E+00
35571,0.00E+00
42443,0.00E+00
54158,2.00E+00
67552,2.00E+00
41755,2.00E+00
21244,0.00E+00
739,2.00E+00
31898,0.00E+00
44544,0.00E+00
56562,0.00E+00
12314,2.00E+00
59201,0.00E+00
35131,2.00E+00
71431,0.00E+00
3415,2.00E+00
55989,2.00E+00
10634,2.00E+00
35411,1.00E+00
55969,2.00E+00
30256,2.00E+00
52816,2.00E+00
459,0.00E+00
36692,2.00E+00
17326,2.00E+00
63029,2.00E+00
71903,0.00E+00
32719,2.00E+00
55467,0.00E+00
59883,2.00E+00
72541,0.00E+00
24933,0.00E+00
42098,2.00E+00
68547,2.00E+00
52772,2.00E+00
61132,0.00E+00
4788,2.00E+00
7437,2.00E+00
67943,2.00E+00
52687,0.00E+00
31249,2.00E+00
15582,0.00E+00
20293,2.00E+00
42646,0.00E+00
48119,2.00E+00
30912,0.00E+00
28599,2.00E+00
12715,2.00E+00
26008,2.00E+00
59423,2.00E+00
57823,0.00E+00
954,2.00E+00
20987,2.00E+00
37967,2.00E+00
67644,1.00E+00
867,0.00E+00
29063,0.00E+00
36850,2.00E+00
48644,0.00E+00
59587,2.00E+00
48849,2.00E+00
32775,0.00E+00
51671,0.00E+00
51983,2.00E+00
11127,2.00E+00
68199,2.00E+00
28762,2.00E+00
64794,2.00E+00
44171,2.00E+00
5504,2.00E+00
26246,0.00E+00
8509,2.00E+00
73322,0.00E+00
73055,1.00E+00
998,2.00E+00
23765,0.00E+00
73410,0.00E+00
39602,0.00E+00
17900,0.00E+00
24242,0.00E+00
10807,0.00E+00
45954,2.00E+00
21072,0.00E+00
68153,2.00E+00
50078,2.00E+00
23007,0.00E+00
19405,2.00E+00
35793,2.00E+00
39819,2.00E+00
21512,2.00E+00
30710,1.00E+00
44654,0.00E+00
22335,2.00E+00
17327,0.00E+00
40068,0.00E+00
28327,0.00E+00
10249,2.00E+00
24012,2.00E+00
42813,2.00E+00
66526,0.00E+00
21085,2.00E+00
26644,2.00E+00
9763,2.00E+00
1321,0.00E+00
51068,0.00E+00
53206,2.00E+00
51512,0.00E+00
35867,2.00E+00
48398,0.00E+00
21517,2.00E+00
21353,2.00E+00
20027,0.00E+00
48671,2.00E+00
49483,2.00E+00
28103,0.00E+00
62941,2.00E+00
20902,2.00E+00
2607,0.00E+00
40093,2.00E+00
3078,0.00E+00
48507,0.00E+00
117,2.00E+00
22690,2.00E+00
15974,0.00E+00
62686,2.00E+00
39317,2.00E+00
52198,2.00E+00
24431,2.00E+00
27890,0.00E+00
53116,2.00E+00
70169,2.00E+00
22974,0.00E+00
65672,0.00E+00
15641,2.00E+00
64758,0.00E+00
44585,0.00E+00
30817,0.00E+00
36839,2.00E+00
53308,2.00E+00
19518,2.00E+00
37316,2.00E+00
55449,0.00E+00
70155,2.00E+00
59409,0.00E+00
72853,0.00E+00
30187,0.00E+00
36406,2.00E+00
1012,0.00E+00
57222,0.00E+00
25273,0.00E+00
46038,2.00E+00
68259,0.00E+00
43204,0.00E+00
13080,2.00E+00
28649,2.00E+00
46696,2.00E+00
61615,2.00E+00
30679,2.00E+00
57815,2.00E+00
33724,2.00E+00
1993,2.00E+00
10144,2.00E+00
28763,0.00E+00
57291,2.00E+00
48468,2.00E+00
39304,2.00E+00
30347,2.00E+00
18742,0.00E+00
30369,0.00E+00
21346,0.00E+00
68881,2.00E+00
23008,2.00E+00
14920,0.00E+00
6931,0.00E+00
56939,0.00E+00
56041,0.00E+00
66625,2.00E+00
71096,2.00E+00
71846,2.00E+00
41529,0.00E+00
19635,2.00E+00
23378,0.00E+00
382,0.00E+00
58653,0.00E+00
20539,2.00E+00
4144,2.00E+00
11824,2.00E+00
9323,2.00E+00
5861,2.00E+00
73146,2.00E+00
66305,0.00E+00
48684,0.00E+00
71085,2.00E+00
71163,0.00E+00
8334,0.00E+00
69303,2.00E+00
66867,2.00E+00
19156,2.00E+00
31147,2.00E+00
12590,2.00E+00
73689,0.00E+00
31874,2.00E+00
1266,2.00E+00
40780,2.00E+00
35972,2.00E+00
25580,2.00E+00
12388,1.00E+00
29096,0.00E+00
3453,0.00E+00
34240,0.00E+00
17933,2.00E+00
22685,1.00E+00
18066,0.00E+00
22700,0.00E+00
32678,2.00E+00
37945,0.00E+00
10803,2.00E+00
45005,2.00E+00
9235,1.00E+00
51495,1.00E+00
37757,0.00E+00
65861,0.00E+00
16449,2.00E+00
22893,2.00E+00
52608,0.00E+00
63628,2.00E+00
59472,0.00E+00
31161,2.00E+00
4912,2.00E+00
28952,2.00E+00
16537,0.00E+00
44388,2.00E+00
57345,2.00E+00
23629,0.00E+00
51167,0.00E+00
22005,2.00E+00
21024,2.00E+00
68086,2.00E+00
1891,2.00E+00
11372,0.00E+00
57969,0.00E+00
63121,0.00E+00
21532,2.00E+00
49702,2.00E+00
21732,2.00E+00
20065,2.00E+00
15924,0.00E+00
31443,2.00E+00
18026,0.00E+00
43651,2.00E+00
1254,0.00E+00
17817,0.00E+00
34944,0.00E+00
62548,2.00E+00
57909,2.00E+00
18743,0.00E+00
55224,2.00E+00
13553,2.00E+00
45282,0.00E+00
3585,0.00E+00
12780,2.00E+00
63081,2.00E+00
55568,2.00E+00
61483,0.00E+00
15883,2.00E+00
2130,0.00E+00
47348,0.00E+00
39388,2.00E+00
32279,2.00E+00
73208,2.00E+00
22139,0.00E+00
45098,0.00E+00
18922,2.00E+00
26570,2.00E+00
17704,0.00E+00
17261,2.00E+00
662,2.00E+00
34293,0.00E+00
27377,2.00E+00
29111,0.00E+00
61829,2.00E+00
24472,2.00E+00
39125,2.00E+00
33946,0.00E+00
43374,0.00E+00
22729,2.00E+00
15878,2.00E+00
44211,2.00E+00
46881,0.00E+00
71900,0.00E+00
26103,2.00E+00
52631,2.00E+00
37959,2.00E+00
71095,2.00E+00
3440,0.00E+00
63662,2.00E+00
3082,2.00E+00
24226,2.00E+00
7571,2.00E+00
39482,0.00E+00
11909,2.00E+00
67823,2.00E+00
58931,0.00E+00
66816,2.00E+00
10181,2.00E+00
71011,2.00E+00
66378,0.00E+00
58402,0.00E+00
23444,2.00E+00
69044,2.00E+00
39083,2.00E+00
36192,0.00E+00
46455,2.00E+00
32460,2.00E+00
64181,2.00E+00
1025,0.00E+00
72756,1.00E+00
8737,0.00E+00
34956,2.00E+00
12896,0.00E+00
45807,2.00E+00
25581,2.00E+00
51175,2.00E+00
2466,0.00E+00
48255,2.00E+00
62377,2.00E+00
29535,2.00E+00
24825,2.00E+00
52735,0.00E+00
74000,2.00E+00
32259,2.00E+00
19608,0.00E+00
29261,2.00E+00
38523,0.00E+00
72176,2.00E+00
23779,0.00E+00
7986,0.00E+00
42460,2.00E+00
40742,0.00E+00
57503,2.00E+00
55177,2.00E+00
51446,2.00E+00
50506,2.00E+00
64103,2.00E+00
56404,0.00E+00
39721,2.00E+00
9158,0.00E+00
63490,2.00E+00
458,2.00E+00
22766,0.00E+00
57868,2.00E+00
1430,0.00E+00
46195,2.00E+00
55703,0.00E+00
47309,0.00E+00
37234,2.00E+00
73479,2.00E+00
44582,0.00E+00
31985,2.00E+00
17335,2.00E+00
71770,0.00E+00
37956,0.00E+00
5398,0.00E+00
42809,2.00E+00
49764,0.00E+00
62536,0.00E+00
17773,2.00E+00
21862,0.00E+00
17149,2.00E+00
23108,2.00E+00
67680,0.00E+00
48003,2.00E+00
7778,0.00E+00
16638,2.00E+00
29710,0.00E+00
66032,2.00E+00
49247,1.00E+00
33021,0.00E+00
40140,0.00E+00
2110,2.00E+00
65437,0.00E+00
53529,2.00E+00
33866,0.00E+00
10232,2.00E+00
22539,2.00E+00
18085,2.00E+00
37109,2.00E+00
71235,0.00E+00
15795,2.00E+00
5154,0.00E+00
59484,2.00E+00
63120,0.00E+00
5202,0.00E+00
23348,2.00E+00
7945,2.00E+00
72365,0.00E+00
28119,0.00E+00
59625,0.00E+00
6335,0.00E+00
283,2.00E+00
8349,2.00E+00
27363,0.00E+00
65558,0.00E+00
46660,2.00E+00
72524,0.00E+00
29232,0.00E+00
19827,2.00E+00
20101,2.00E+00
12982,2.00E+00
44160,2.00E+00
13474,2.00E+00
68460,0.00E+00
12184,2.00E+00
52061,2.00E+00
29714,2.00E+00
27485,0.00E+00
14832,2.00E+00
66916,2.00E+00
71146,2.00E+00
16269,2.00E+00
697,2.00E+00
47766,1.00E+00
64735,0.00E+00
42005,2.00E+00
4357,0.00E+00
36431,2.00E+00
52262,0.00E+00
35510,2.00E+00
754,2.00E+00
47429,0.00E+00
38039,2.00E+00
28647,2.00E+00
15807,0.00E+00
56674,2.00E+00
7764,0.00E+00
1641,2.00E+00
8328,2.00E+00
56824,0.00E+00
58671,2.00E+00
43837,2.00E+00
19645,2.00E+00
44738,0.00E+00
16423,1.00E+00
44937,0.00E+00
28523,2.00E+00
1686,0.00E+00
22570,0.00E+00
542,2.00E+00
25793,2.00E+00
24972,1.00E+00
41154,2.00E+00
29305,0.00E+00
1977,2.00E+00
28370,0.00E+00
66422,0.00E+00
71808,2.00E+00
39996,2.00E+00
58875,2.00E+00
72186,2.00E+00
31816,0.00E+00
30634,2.00E+00
68717,0.00E+00
15027,0.00E+00
33875,2.00E+00
73876,0.00E+00
21696,0.00E+00
13088,2.00E+00
15803,2.00E+00
13997,2.00E+00
71454,2.00E+00
66472,0.00E+00
24879,0.00E+00
49251,2.00E+00
17312,2.00E+00
50591,2.00E+00
54731,0.00E+00
17539,0.00E+00
49382,0.00E+00
19178,0.00E+00
3092,0.00E+00
34134,0.00E+00
33216,2.00E+00
35778,0.00E+00
10110,2.00E+00
67646,2.00E+00
14092,0.00E+00
48180,2.00E+00
44248,2.00E+00
17192,0.00E+00
7307,0.00E+00
56257,2.00E+00
23334,0.00E+00
2045,2.00E+00
6068,0.00E+00
58872,2.00E+00
10104,0.00E+00
53729,2.00E+00
68910,0.00E+00
45428,0.00E+00
19096,0.00E+00
4669,2.00E+00
67628,2.00E+00
15888,0.00E+00
39439,2.00E+00
15938,0.00E+00
30739,2.00E+00
27400,0.00E+00
61937,2.00E+00
51373,0.00E+00
63907,0.00E+00
52953,0.00E+00
23902,0.00E+00
55282,0.00E+00
9438,0.00E+00
21105,2.00E+00
56822,2.00E+00
26752,0.00E+00
4924,2.00E+00
28246,2.00E+00
20836,0.00E+00
51547,0.00E+00
62653,2.00E+00
47952,0.00E+00
12849,0.00E+00
2676,2.00E+00
27100,2.00E+00
27018,0.00E+00
63251,2.00E+00
44876,2.00E+00
33580,2.00E+00
34617,0.00E+00
417,2.00E+00
27340,0.00E+00
59093,0.00E+00
24581,0.00E+00
49711,0.00E+00
15769,2.00E+00
17502,0.00E+00
6730,2.00E+00
9265,2.00E+00
50258,0.00E+00
10381,0.00E+00
64213,2.00E+00
47159,2.00E+00
35162,2.00E+00
70443,0.00E+00
32186,2.00E+00
25,0.00E+00
27662,2.00E+00
49228,2.00E+00
69375,2.00E+00
20899,0.00E+00
33484,2.00E+00
45323,2.00E+00
56551,0.00E+00
23645,0.00E+00
73241,2.00E+00
20715,2.00E+00
30579,0.00E+00
45121,0.00E+00
3212,2.00E+00
65934,2.00E+00
26814,2.00E+00
65957,2.00E+00
1835,2.00E+00
41552,0.00E+00
10313,0.00E+00
45628,2.00E+00
38853,0.00E+00
12310,0.00E+00
46458,0.00E+00
71850,2.00E+00
46449,1.00E+00
18946,2.00E+00
64952,2.00E+00
56595,2.00E+00
46115,0.00E+00
23137,2.00E+00
28512,0.00E+00
4106,0.00E+00
31240,2.00E+00
29782,2.00E+00
13246,0.00E+00
20029,1.00E+00
13439,0.00E+00
21339,2.00E+00
29718,0.00E+00
72463,2.00E+00
70331,0.00E+00
20592,0.00E+00
18175,2.00E+00
57965,2.00E+00
57954,0.00E+00
19034,2.00E+00
24838,2.00E+00
50519,0.00E+00
12901,2.00E+00
63829,2.00E+00
51509,2.00E+00
39917,2.00E+00
34156,2.00E+00
20221,2.00E+00
13342,2.00E+00
61212,0.00E+00
20000,2.00E+00
57563,0.00E+00
74237,0.00E+00
20590,2.00E+00
14994,0.00E+00
31062,2.00E+00
7728,2.00E+00
14168,2.00E+00
53880,2.00E+00
28051,0.00E+00
24359,0.00E+00
72603,0.00E+00
2926,2.00E+00
58964,2.00E+00
57834,2.00E+00
70516,2.00E+00
12943,2.00E+00
39454,2.00E+00
7535,2.00E+00
58969,2.00E+00
53411,2.00E+00
5979,0.00E+00
65131,0.00E+00
4780,2.00E+00
27823,0.00E+00
17209,2.00E+00
34169,1.00E+00
26697,0.00E+00
66252,0.00E+00
25630,2.00E+00
20687,2.00E+00
38757,0.00E+00
24676,2.00E+00
64927,0.00E+00
51945,0.00E+00
39811,2.00E+00
33973,2.00E+00
60447,2.00E+00
28863,0.00E+00
42111,0.00E+00
42401,0.00E+00
49445,2.00E+00
60639,0.00E+00
69902,0.00E+00
24911,2.00E+00
53641,0.00E+00
36621,0.00E+00
70999,0.00E+00
56222,2.00E+00
9464,2.00E+00
8019,0.00E+00
52823,2.00E+00
33181,0.00E+00
19865,2.00E+00
57688,0.00E+00
15816,2.00E+00
65266,2.00E+00
46018,2.00E+00
72895,2.00E+00
31650,2.00E+00
14351,2.00E+00
70419,2.00E+00
68727,1.00E+00
38129,0.00E+00
50443,0.00E+00
7563,2.00E+00
32722,0.00E+00
11003,0.00E+00
24746,0.00E+00
29587,1.00E+00
56980,2.00E+00
20824,2.00E+00
26407,2.00E+00
23642,2.00E+00
14575,0.00E+00
24143,2.00E+00
31753,0.00E+00
7412,2.00E+00
73390,2.00E+00
16560,0.00E+00
15677,0.00E+00
60831,0.00E+00
58300,2.00E+00
30963,2.00E+00
59638,2.00E+00
19911,2.00E+00
1915,2.00E+00
64522,0.00E+00
64628,2.00E+00
20341,2.00E+00
32551,2.00E+00
44269,0.00E+00
67099,2.00E+00
27425,2.00E+00
64132,2.00E+00
23737,0.00E+00
14511,0.00E+00
19758,2.00E+00
11099,2.00E+00
45651,2.00E+00
50869,0.00E+00
70713,2.00E+00
44336,0.00E+00
16824,0.00E+00
51325,0.00E+00
49557,2.00E+00
65015,2.00E+00
69489,2.00E+00
12627,0.00E+00
56268,2.00E+00
40452,2.00E+00
68198,0.00E+00
45349,0.00E+00
47094,2.00E+00
3802,2.00E+00
12276,2.00E+00
72268,2.00E+00
63675,0.00E+00
38680,2.00E+00
22624,0.00E+00
17726,0.00E+00
61952,2.00E+00
70795,2.00E+00
9085,0.00E+00
45411,0.00E+00
2405,2.00E+00
21110,1.00E+00
65486,0.00E+00
8579,2.00E+00
12494,2.00E+00
62980,2.00E+00
10344,2.00E+00
63885,0.00E+00
52299,0.00E+00
46296,2.00E+00
52532,0.00E+00
60577,2.00E+00
60275,2.00E+00
47824,2.00E+00
30485,2.00E+00
48465,2.00E+00
51842,2.00E+00
15073,0.00E+00
55040,0.00E+00
19634,2.00E+00
173,2.00E+00
8197,2.00E+00
30792,0.00E+00
52899,2.00E+00
32763,2.00E+00
55013,1.00E+00
52806,2.00E+00
32644,2.00E+00
18986,2.00E+00
35680,2.00E+00
56046,2.00E+00
8156,0.00E+00
58839,2.00E+00
20911,0.00E+00
36563,0.00E+00
20939,2.00E+00
44715,0.00E+00
63923,2.00E+00
54482,2.00E+00
32738,2.00E+00
937,0.00E+00
1242,0.00E+00
57129,2.00E+00
31734,0.00E+00
5086,2.00E+00
63365,2.00E+00
17628,2.00E+00
20128,0.00E+00
7793,2.00E+00
17242,2.00E+00
69864,2.00E+00
37616,0.00E+00
12212,0.00E+00
71327,0.00E+00
47326,2.00E+00
34703,2.00E+00
68400,2.00E+00
74051,2.00E+00
35525,0.00E+00
65745,0.00E+00
57874,0.00E+00
42638,0.00E+00
32830,2.00E+00
15481,2.00E+00
62845,2.00E+00
10292,0.00E+00
7423,2.00E+00
73883,2.00E+00
67824,0.00E+00
33032,2.00E+00
60049,2.00E+00
56392,0.00E+00
51202,0.00E+00
49823,0.00E+00
23521,2.00E+00
73594,2.00E+00
10146,2.00E+00
7386,2.00E+00
21255,2.00E+00
44543,2.00E+00
67227,2.00E+00
50191,0.00E+00
55683,2.00E+00
22585,0.00E+00
36955,2.00E+00
31884,2.00E+00
4387,2.00E+00
60878,2.00E+00
3657,2.00E+00
56298,2.00E+00
19830,2.00E+00
8350,0.00E+00
20927,0.00E+00
37844,2.00E+00
5420,0.00E+00
65533,2.00E+00
34017,0.00E+00
2118,2.00E+00
43126,0.00E+00
43891,2.00E+00
32056,0.00E+00
73009,2.00E+00
4992,2.00E+00
10706,2.00E+00
67177,0.00E+00
33274,2.00E+00
430,2.00E+00
36845,2.00E+00
7906,0.00E+00
62492,0.00E+00
14437,0.00E+00
59119,2.00E+00
33826,0.00E+00
66279,2.00E+00
69585,2.00E+00
49498,0.00E+00
28231,2.00E+00
21986,2.00E+00
43178,0.00E+00
44736,2.00E+00
14875,0.00E+00
11555,2.00E+00
30740,2.00E+00
30039,0.00E+00
13027,0.00E+00
53154,2.00E+00
57667,2.00E+00
73508,0.00E+00
10094,0.00E+00
67121,2.00E+00
54627,0.00E+00
23491,0.00E+00
17128,0.00E+00
27078,0.00E+00
59459,0.00E+00
14303,0.00E+00
17430,0.00E+00
67208,2.00E+00
17794,0.00E+00
8823,0.00E+00
60589,0.00E+00
61998,2.00E+00
54757,2.00E+00
34520,2.00E+00
12914,0.00E+00
23541,0.00E+00
47686,2.00E+00
23632,2.00E+00
65371,0.00E+00
55518,2.00E+00
64618,2.00E+00
47748,0.00E+00
10519,2.00E+00
50431,1.00E+00
8161,0.00E+00
64792,2.00E+00
51404,2.00E+00
47177,2.00E+00
22053,0.00E+00
46227,0.00E+00
62001,2.00E+00
16543,0.00E+00
1406,1.00E+00
72163,2.00E+00
3406,0.00E+00
58732,0.00E+00
770,2.00E+00
45117,2.00E+00
32976,0.00E+00
70235,0.00E+00
72076,0.00E+00
19938,0.00E+00
28858,2.00E+00
57116,2.00E+00
67236,2.00E+00
3329,2.00E+00
27108,0.00E+00
46919,2.00E+00
34513,0.00E+00
18312,2.00E+00
26902,0.00E+00
73495,2.00E+00
23247,0.00E+00
39101,2.00E+00
35360,2.00E+00
70894,0.00E+00
41681,2.00E+00
67606,2.00E+00
58547,2.00E+00
1662,0.00E+00
9010,2.00E+00
15686,2.00E+00
59351,2.00E+00
22630,2.00E+00
6768,0.00E+00
51904,0.00E+00
41514,2.00E+00
25657,2.00E+00
10382,2.00E+00
5386,0.00E+00
60148,2.00E+00
73996,2.00E+00
56410,0.00E+00
62437,0.00E+00
66350,2.00E+00
64652,2.00E+00
43141,2.00E+00
64274,2.00E+00
67203,2.00E+00
53606,2.00E+00
58107,2.00E+00
30146,0.00E+00
45778,0.00E+00
8607,0.00E+00
71530,2.00E+00
57151,2.00E+00
41976,0.00E+00
69709,2.00E+00
10300,0.00E+00
9108,0.00E+00
67635,2.00E+00
9234,2.00E+00
12202,0.00E+00
10374,0.00E+00
2543,2.00E+00
62167,0.00E+00
59604,2.00E+00
65148,0.00E+00
16313,0.00E+00
1302,2.00E+00
53481,2.00E+00
66241,2.00E+00
16214,2.00E+00
6718,2.00E+00
26836,0.00E+00
62832,0.00E+00
51954,2.00E+00
58838,2.00E+00
22522,2.00E+00
11320,2.00E+00
15120,2.00E+00
59445,0.00E+00
21948,0.00E+00
54903,2.00E+00
62713,0.00E+00
66507,0.00E+00
71167,2.00E+00
40187,0.00E+00
46679,2.00E+00
23546,2.00E+00
44646,0.00E+00
40069,0.00E+00
11856,0.00E+00
21014,2.00E+00
53038,2.00E+00
30084,0.00E+00
49645,2.00E+00
43317,0.00E+00
41038,0.00E+00
70549,2.00E+00
73063,0.00E+00
16164,2.00E+00
56842,2.00E+00
29679,2.00E+00
61962,2.00E+00
41006,2.00E+00
60402,2.00E+00
21729,2.00E+00
33051,0.00E+00
43799,2.00E+00
40767,2.00E+00
29702,0.00E+00
47813,0.00E+00
9025,2.00E+00
13796,2.00E+00
37179,2.00E+00
42629,2.00E+00
43636,2.00E+00
24817,1.00E+00
36584,2.00E+00
4990,0.00E+00
22662,0.00E+00
29448,0.00E+00
40488,2.00E+00
48094,2.00E+00
33068,2.00E+00
15731,2.00E+00
30149,2.00E+00
45047,2.00E+00
53006,2.00E+00
19399,2.00E+00
63824,0.00E+00
192,0.00E+00
36422,2.00E+00
72751,2.00E+00
73230,2.00E+00
61419,2.00E+00
15043,2.00E+00
6697,2.00E+00
15365,2.00E+00
9135,1.00E+00
39396,2.00E+00
22113,0.00E+00
63786,0.00E+00
15521,2.00E+00
39528,0.00E+00
30327,2.00E+00
2307,2.00E+00
37320,2.00E+00
72242,0.00E+00
29815,0.00E+00
53249,0.00E+00
27933,0.00E+00
49918,0.00E+00
4351,0.00E+00
57063,2.00E+00
69851,0.00E+00
58661,0.00E+00
46609,2.00E+00
48185,0.00E+00
44950,0.00E+00
23468,0.00E+00
34448,2.00E+00
59086,2.00E+00
5265,2.00E+00
45607,2.00E+00
13551,1.00E+00
41496,1.00E+00
1104,2.00E+00
57322,0.00E+00
36550,2.00E+00
2904,2.00E+00
14815,2.00E+00
72212,0.00E+00
16674,2.00E+00
59570,2.00E+00
61090,2.00E+00
28792,2.00E+00
53321,0.00E+00
61048,2.00E+00
23678,2.00E+00
14047,0.00E+00
48651,2.00E+00
4369,2.00E+00
29704,0.00E+00
15851,0.00E+00
37900,0.00E+00
55997,2.00E+00
67545,2.00E+00
49313,2.00E+00
52067,0.00E+00
30062,2.00E+00
70324,0.00E+00
16163,2.00E+00
64174,2.00E+00
36123,2.00E+00
41358,0.00E+00
64946,2.00E+00
1950,2.00E+00
10692,0.00E+00
28836,1.00E+00
47610,2.00E+00
892,2.00E+00
71125,2.00E+00
61976,2.00E+00
63798,2.00E+00
57903,2.00E+00
7055,2.00E+00
6728,0.00E+00
26390,2.00E+00
3164,2.00E+00
31578,0.00E+00
65454,0.00E+00
7124,2.00E+00
13709,2.00E+00
44849,0.00E+00
7841,0.00E+00
49006,2.00E+00
65832,0.00E+00
23416,2.00E+00
69475,2.00E+00
8991,2.00E+00
39112,2.00E+00
62316,2.00E+00
61204,2.00E+00
57820,0.00E+00
52229,0.00E+00
59815,0.00E+00
19741,0.00E+00
14000,0.00E+00
14420,2.00E+00
27112,2.00E+00
1268,2.00E+00
55605,0.00E+00
51201,0.00E+00
37259,2.00E+00
1818,2.00E+00
68291,0.00E+00
49995,0.00E+00
8716,2.00E+00
9301,2.00E+00
21332,2.00E+00
71182,2.00E+00
70020,2.00E+00
17754,2.00E+00
26761,2.00E+00
47535,2.00E+00
61402,0.00E+00
46052,0.00E+00
57088,2.00E+00
50149,2.00E+00
21137,2.00E+00
36967,2.00E+00
47203,2.00E+00
52910,2.00E+00
37164,2.00E+00
8562,2.00E+00
13450,0.00E+00
71732,0.00E+00
42203,2.00E+00
23969,2.00E+00
45009,0.00E+00
5335,2.00E+00
34577,0.00E+00
44044,0.00E+00
35003,0.00E+00
7372,2.00E+00
11168,2.00E+00
46210,2.00E+00
17310,0.00E+00
55721,0.00E+00
62287,2.00E+00
32586,0.00E+00
10494,2.00E+00
43444,2.00E+00
45953,0.00E+00
34766,0.00E+00
60836,0.00E+00
31741,0.00E+00
49175,2.00E+00
23365,0.00E+00
44993,2.00E+00
58124,2.00E+00
73931,2.00E+00
40038,0.00E+00
61358,0.00E+00
54443,2.00E+00
69386,2.00E+00
30923,2.00E+00
58957,0.00E+00
39428,2.00E+00
18626,0.00E+00
36773,2.00E+00
58299,0.00E+00
61272,2.00E+00
19913,2.00E+00
53557,2.00E+00
73732,2.00E+00
46013,2.00E+00
47093,2.00E+00
31220,0.00E+00
15161,2.00E+00
68321,2.00E+00
58365,2.00E+00
66932,2.00E+00
24578,0.00E+00
53845,2.00E+00
27914,0.00E+00
4445,2.00E+00
7953,2.00E+00
54381,2.00E+00
36524,2.00E+00
71887,0.00E+00
11219,2.00E+00
49584,2.00E+00
25110,2.00E+00
6457,2.00E+00
46842,0.00E+00
72289,2.00E+00
32242,2.00E+00
41023,2.00E+00
71652,2.00E+00
57517,0.00E+00
23596,0.00E+00
62183,0.00E+00
22664,1.00E+00
26234,2.00E+00
61023,2.00E+00
7322,0.00E+00
58944,0.00E+00
8764,0.00E+00
24599,2.00E+00
60976,2.00E+00
28692,0.00E+00
21409,0.00E+00
31890,1.00E+00
58368,0.00E+00
55139,2.00E+00
14204,0.00E+00
4206,2.00E+00
16417,1.00E+00
25317,2.00E+00
29971,1.00E+00
65497,0.00E+00
6483,2.00E+00
25074,2.00E+00
60662,2.00E+00
52391,0.00E+00
66991,0.00E+00
15228,2.00E+00
35669,0.00E+00
13882,0.00E+00
63191,2.00E+00
41606,0.00E+00
49950,0.00E+00
23506,0.00E+00
49876,2.00E+00
95,0.00E+00
68813,2.00E+00
9012,0.00E+00
36409,0.00E+00
27982,2.00E+00
46744,2.00E+00
45714,2.00E+00
58192,2.00E+00
4132,0.00E+00
44230,2.00E+00
54623,0.00E+00
12474,2.00E+00
53660,0.00E+00
54154,2.00E+00
14291,2.00E+00
10611,2.00E+00
34366,2.00E+00
14988,0.00E+00
70717,0.00E+00
39487,2.00E+00
28537,0.00E+00
15218,2.00E+00
12995,2.00E+00
73015,0.00E+00
37449,2.00E+00
11139,2.00E+00
72140,2.00E+00
17807,0.00E+00
71340,0.00E+00
35015,0.00E+00
12024,2.00E+00
34592,2.00E+00
50493,2.00E+00
4065,2.00E+00
38563,2.00E+00
36959,0.00E+00
35119,0.00E+00
37107,0.00E+00
66702,2.00E+00
48279,0.00E+00
17881,2.00E+00
59063,2.00E+00
49064,2.00E+00
29856,0.00E+00
44292,0.00E+00
7,0.00E+00
68392,0.00E+00
17304,0.00E+00
7537,2.00E+00
41429,2.00E+00
15081,0.00E+00
8137,2.00E+00
73371,0.00E+00
5179,0.00E+00
64539,0.00E+00
66330,2.00E+00
55364,2.00E+00
46774,0.00E+00
42083,2.00E+00
25165,2.00E+00
8856,0.00E+00
62847,2.00E+00
27486,2.00E+00
38809,2.00E+00
3688,2.00E+00
30587,2.00E+00
66639,2.00E+00
67563,0.00E+00
51973,2.00E+00
49872,0.00E+00
58834,2.00E+00
9480,0.00E+00
30293,0.00E+00
40550,2.00E+00
28593,2.00E+00
42523,0.00E+00
18668,2.00E+00
53137,0.00E+00
23543,0.00E+00
13658,2.00E+00
8230,2.00E+00
9294,0.00E+00
325,2.00E+00
1194,0.00E+00
25939,0.00E+00
35058,2.00E+00
57647,0.00E+00
71060,2.00E+00
38980,2.00E+00
35816,2.00E+00
13535,2.00E+00
3966,2.00E+00
73389,2.00E+00
54533,2.00E+00
62252,2.00E+00
32785,2.00E+00
20076,0.00E+00
14305,2.00E+00
46576,2.00E+00
49386,0.00E+00
43756,2.00E+00
39522,2.00E+00
15444,2.00E+00
35988,2.00E+00
53013,2.00E+00
11390,2.00E+00
32257,0.00E+00
28414,0.00E+00
46786,2.00E+00
48662,0.00E+00
7461,2.00E+00
41125,0.00E+00
48685,2.00E+00
44925,0.00E+00
42585,2.00E+00
16566,0.00E+00
66778,0.00E+00
12450,0.00E+00
21242,2.00E+00
28825,2.00E+00
7942,2.00E+00
24450,2.00E+00
5471,0.00E+00
34404,2.00E+00
68934,2.00E+00
9638,2.00E+00
19068,0.00E+00
26106,2.00E+00
67939,2.00E+00
35143,0.00E+00
46678,0.00E+00
22129,2.00E+00
48909,2.00E+00
70531,0.00E+00
1882,2.00E+00
10718,2.00E+00
46310,2.00E+00
58419,0.00E+00
32037,2.00E+00
11774,2.00E+00
33564,0.00E+00
37536,2.00E+00
39678,2.00E+00
3007,0.00E+00
10701,2.00E+00
71007,0.00E+00
70242,0.00E+00
27999,0.00E+00
32127,0.00E+00
31591,2.00E+00
50962,0.00E+00
53629,2.00E+00
11294,0.00E+00
38872,2.00E+00
47483,0.00E+00
54438,1.00E+00
14456,2.00E+00
59452,0.00E+00
13724,0.00E+00
27093,0.00E+00
5363,2.00E+00
53016,2.00E+00
45763,2.00E+00
29412,2.00E+00
51252,2.00E+00
38803,1.00E+00
66258,2.00E+00
31247,0.00E+00
20869,0.00E+00
31743,2.00E+00
49260,0.00E+00
38737,2.00E+00
61542,1.00E+00
65534,0.00E+00
70168,0.00E+00
55159,2.00E+00
4182,0.00E+00
49320,2.00E+00
1732,2.00E+00
69013,0.00E+00
33478,2.00E+00
23633,2.00E+00
61349,0.00E+00
66486,2.00E+00
60318,2.00E+00
68583,2.00E+00
27983,0.00E+00
19870,1.00E+00
45260,0.00E+00
9836,0.00E+00
7232,2.00E+00
21808,0.00E+00
50625,2.00E+00
74057,0.00E+00
24287,0.00E+00
26643,2.00E+00
46898,0.00E+00
55488,2.00E+00
24228,0.00E+00
52791,2.00E+00
47856,2.00E+00
13769,2.00E+00
40375,2.00E+00
13205,0.00E+00
58139,2.00E+00
59687,2.00E+00
61017,2.00E+00
28336,2.00E+00
12521,2.00E+00
21431,2.00E+00
54044,2.00E+00
7611,2.00E+00
40051,2.00E+00
12384,0.00E+00
69522,0.00E+00
12577,2.00E+00
72419,2.00E+00
71547,0.00E+00
55941,2.00E+00
17250,2.00E+00
53710,0.00E+00
2004,2.00E+00
72455,2.00E+00
31859,2.00E+00
1930,2.00E+00
14072,2.00E+00
50197,2.00E+00
31600,2.00E+00
59190,2.00E+00
13966,2.00E+00
49504,2.00E+00
40709,0.00E+00
14340,0.00E+00
33329,0.00E+00
16140,2.00E+00
55592,0.00E+00
13102,2.00E+00
73326,2.00E+00
8720,2.00E+00
75,0.00E+00
33263,2.00E+00
33399,0.00E+00
7677,2.00E+00
19102,2.00E+00
41324,0.00E+00
16721,0.00E+00
45396,0.00E+00
22378,2.00E+00
3702,2.00E+00
73209,0.00E+00
34793,2.00E+00
34573,2.00E+00
20018,2.00E+00
31394,2.00E+00
61729,2.00E+00
25619,0.00E+00
63114,2.00E+00
62417,2.00E+00
56428,0.00E+00
30418,2.00E+00
18361,0.00E+00
65427,0.00E+00
32697,0.00E+00
65761,0.00E+00
13659,0.00E+00
59133,2.00E+00
8030,0.00E+00
51704,2.00E+00
23206,2.00E+00
21401,2.00E+00
1060,0.00E+00
34497,0.00E+00
61584,0.00E+00
11450,2.00E+00
32621,2.00E+00
11522,2.00E+00
70909,2.00E+00
14322,0.00E+00
7364,2.00E+00
31403,2.00E+00
49630,2.00E+00
40771,2.00E+00
42200,0.00E+00
2727,0.00E+00
37695,2.00E+00
52362,0.00E+00
49075,2.00E+00
65045,2.00E+00
28476,0.00E+00
49094,2.00E+00
8696,0.00E+00
55356,0.00E+00
28771,0.00E+00
50675,2.00E+00
23307,2.00E+00
42027,2.00E+00
66464,0.00E+00
4169,2.00E+00
29589,2.00E+00
6016,2.00E+00
35581,2.00E+00
50277,1.00E+00
28218,0.00E+00
40970,0.00E+00
17162,0.00E+00
63816,0.00E+00
39757,0.00E+00
13022,2.00E+00
48731,2.00E+00
73311,0.00E+00
19885,0.00E+00
49955,0.00E+00
15845,2.00E+00
38714,2.00E+00
9812,0.00E+00
1524,2.00E+00
16290,2.00E+00
38929,2.00E+00
69113,2.00E+00
9256,0.00E+00
63953,2.00E+00
60394,0.00E+00
2827,0.00E+00
72785,2.00E+00
62111,2.00E+00
45782,0.00E+00
33980,2.00E+00
73850,2.00E+00
50357,0.00E+00
71888,2.00E+00
8185,0.00E+00
71376,0.00E+00
7418,2.00E+00
30368,0.00E+00
35275,2.00E+00
59250,2.00E+00
22189,0.00E+00
4718,2.00E+00
71901,2.00E+00
50092,1.00E+00
60711,0.00E+00
18120,2.00E+00
983,2.00E+00
58705,0.00E+00
1726,0.00E+00
48123,2.00E+00
18557,0.00E+00
62261,2.00E+00
5893,2.00E+00
24856,0.00E+00
38265,2.00E+00
21866,2.00E+00
9562,2.00E+00
19226,2.00E+00
27031,0.00E+00
5920,0.00E+00
35701,2.00E+00
24714,0.00E+00
52003,2.00E+00
47622,0.00E+00
47288,2.00E+00
46742,0.00E+00
29191,2.00E+00
19892,0.00E+00
49571,0.00E+00
38886,0.00E+00
25555,2.00E+00
20936,0.00E+00
67822,2.00E+00
29376,2.00E+00
21955,2.00E+00
22864,1.00E+00
23087,2.00E+00
26538,0.00E+00
8630,2.00E+00
22564,2.00E+00
25802,0.00E+00
39511,0.00E+00
42455,2.00E+00
56787,2.00E+00
7968,2.00E+00
64615,2.00E+00
4041,2.00E+00
26450,1.00E+00
72731,2.00E+00
51375,2.00E+00
38369,2.00E+00
34043,0.00E+00
71037,2.00E+00
3924,2.00E+00
19751,2.00E+00
59814,0.00E+00
44096,0.00E+00
46638,0.00E+00
29988,0.00E+00
58843,2.00E+00
13886,0.00E+00
61479,0.00E+00
63237,2.00E+00
14449,2.00E+00
1249,0.00E+00
28927,2.00E+00
57573,0.00E+00
19846,0.00E+00
50974,0.00E+00
46749,2.00E+00
56956,2.00E+00
65884,2.00E+00
35553,2.00E+00
59467,0.00E+00
50861,2.00E+00
38258,2.00E+00
70670,2.00E+00
7186,2.00E+00
9695,2.00E+00
43213,0.00E+00
44288,2.00E+00
40524,1.00E+00
14138,2.00E+00
25150,0.00E+00
6920,0.00E+00
4522,2.00E+00
42838,0.00E+00
50523,2.00E+00
62854,0.00E+00
70996,2.00E+00
57053,2.00E+00
29092,2.00E+00
69860,0.00E+00
45637,0.00E+00
62380,2.00E+00
53968,0.00E+00
39057,2.00E+00
40712,2.00E+00
7880,2.00E+00
53334,2.00E+00
28342,1.00E+00
24348,2.00E+00
64967,2.00E+00
36643,0.00E+00
12094,2.00E+00
67751,0.00E+00
60304,2.00E+00
27705,2.00E+00
70634,2.00E+00
19814,0.00E+00
64487,2.00E+00
58502,0.00E+00
53399,2.00E+00
51219,2.00E+00
60203,2.00E+00
24054,0.00E+00
44122,2.00E+00
4188,2.00E+00
16509,2.00E+00
26723,2.00E+00
67123,0.00E+00
19162,0.00E+00
54296,2.00E+00
8088,0.00E+00
51358,2.00E+00
7654,2.00E+00
68811,2.00E+00
51237,0.00E+00
63086,0.00E+00
20582,2.00E+00
27433,0.00E+00
20976,0.00E+00
2422,2.00E+00
35718,0.00E+00
65102,0.00E+00
63609,2.00E+00
49384,1.00E+00
36328,0.00E+00
48498,2.00E+00
59588,2.00E+00
49819,2.00E+00
41577,0.00E+00
2480,2.00E+00
67365,2.00E+00
21459,2.00E+00
769,2.00E+00
29403,2.00E+00
72118,2.00E+00
14147,2.00E+00
52493,2.00E+00
41272,2.00E+00
15557,2.00E+00
73895,0.00E+00
32206,2.00E+00
59365,1.00E+00
30209,2.00E+00
73603,2.00E+00
34698,0.00E+00
13329,2.00E+00
46073,2.00E+00
65559,2.00E+00
10584,2.00E+00
70458,0.00E+00
60284,2.00E+00
51875,2.00E+00
34101,2.00E+00
3126,2.00E+00
842,0.00E+00
32270,2.00E+00
46321,2.00E+00
44169,0.00E+00
63,0.00E+00
54977,0.00E+00
43740,0.00E+00
49999,2.00E+00
15410,2.00E+00
38880,2.00E+00
397,2.00E+00
19056,2.00E+00
30768,0.00E+00
70319,2.00E+00
51096,0.00E+00
46064,0.00E+00
59405,2.00E+00
50702,2.00E+00
3277,0.00E+00
28463,2.00E+00
12302,2.00E+00
8205,0.00E+00
64878,2.00E+00
72233,2.00E+00
22760,2.00E+00
61500,2.00E+00
16312,0.00E+00
12718,2.00E+00
39416,0.00E+00
61371,2.00E+00
28929,2.00E+00
28916,2.00E+00
45454,2.00E+00
36618,2.00E+00
36785,2.00E+00
22659,0.00E+00
25840,0.00E+00
59095,2.00E+00
16808,0.00E+00
35210,0.00E+00
40577,2.00E+00
72527,2.00E+00
2529,2.00E+00
45900,0.00E+00
31038,2.00E+00
15729,0.00E+00
59681,2.00E+00
29383,0.00E+00
11762,2.00E+00
8779,0.00E+00
62125,0.00E+00
42751,2.00E+00
1293,2.00E+00
24796,2.00E+00
54080,2.00E+00
60202,2.00E+00
50072,0.00E+00
20764,0.00E+00
73391,2.00E+00
53342,2.00E+00
61905,2.00E+00
48885,0.00E+00
69605,2.00E+00
34651,0.00E+00
42964,2.00E+00
64552,2.00E+00
26203,2.00E+00
7359,2.00E+00
21905,0.00E+00
10183,0.00E+00
54338,2.00E+00
70644,2.00E+00
24087,0.00E+00
11196,2.00E+00
32184,2.00E+00
25551,2.00E+00
66980,0.00E+00
24379,0.00E+00
19139,0.00E+00
65656,0.00E+00
73816,2.00E+00
27067,2.00E+00
47105,0.00E+00
54358,2.00E+00
28324,2.00E+00
61828,1.00E+00
52438,2.00E+00
72798,2.00E+00
2483,2.00E+00
26321,2.00E+00
49649,2.00E+00
62142,0.00E+00
66259,2.00E+00
55712,2.00E+00
264,0.00E+00
63865,0.00E+00
48940,0.00E+00
36938,0.00E+00
2711,2.00E+00
10148,2.00E+00
52366,2.00E+00
26490,2.00E+00
23434,0.00E+00
37587,1.00E+00
67719,2.00E+00
16437,0.00E+00
23482,2.00E+00
1227,0.00E+00
58028,2.00E+00
70646,0.00E+00
1304,0.00E+00
4457,0.00E+00
4198,2.00E+00
58188,0.00E+00
30051,2.00E+00
34702,2.00E+00
47182,2.00E+00
29698,2.00E+00
66282,2.00E+00
17911,0.00E+00
29818,2.00E+00
21633,2.00E+00
24577,2.00E+00
45577,0.00E+00
41374,0.00E+00
28721,2.00E+00
45605,0.00E+00
34768,2.00E+00
2756,2.00E+00
18456,1.00E+00
34721,2.00E+00
42030,0.00E+00
38606,0.00E+00
45595,2.00E+00
66287,2.00E+00
64562,0.00E+00
5599,0.00E+00
42075,2.00E+00
3450,0.00E+00
24247,0.00E+00
70623,2.00E+00
13135,2.00E+00
61234,2.00E+00
32766,0.00E+00
45477,2.00E+00
48546,0.00E+00
68395,2.00E+00
25192,0.00E+00
15338,0.00E+00
58030,0.00E+00
45197,0.00E+00
32488,2.00E+00
64719,2.00E+00
55181,2.00E+00
106,0.00E+00
53352,2.00E+00
10341,0.00E+00
26567,2.00E+00
18992,0.00E+00
3992,2.00E+00
24446,2.00E+00
53559,0.00E+00
54128,2.00E+00
52374,2.00E+00
28748,2.00E+00
36853,2.00E+00
3531,2.00E+00
20496,2.00E+00
71140,0.00E+00
10447,2.00E+00
65128,0.00E+00
23593,0.00E+00
16202,0.00E+00
59202,2.00E+00
64309,0.00E+00
7766,0.00E+00
52730,0.00E+00
67060,0.00E+00
15077,2.00E+00
9408,0.00E+00
53675,2.00E+00
49726,2.00E+00
63291,2.00E+00
67956,2.00E+00
45097,2.00E+00
46885,0.00E+00
43404,0.00E+00
46309,2.00E+00
50911,0.00E+00
17300,2.00E+00
57293,2.00E+00
47016,2.00E+00
27276,2.00E+00
17757,0.00E+00
34255,2.00E+00
35975,0.00E+00
17102,0.00E+00
51261,0.00E+00
13284,0.00E+00
54630,2.00E+00
11413,2.00E+00
48041,2.00E+00
20493,0.00E+00
67615,2.00E+00
2984,2.00E+00
60392,2.00E+00
44917,0.00E+00
21632,2.00E+00
72976,2.00E+00
15091,2.00E+00
61516,2.00E+00
71265,2.00E+00
49709,0.00E+00
16628,2.00E+00
39621,2.00E+00
17718,0.00E+00
45075,2.00E+00
38123,0.00E+00
57288,0.00E+00
71482,0.00E+00
15778,2.00E+00
29505,2.00E+00
56043,0.00E+00
6643,2.00E+00
60435,0.00E+00
68863,2.00E+00
26051,2.00E+00
34470,0.00E+00
34216,2.00E+00
44570,2.00E+00
59495,2.00E+00
4896,2.00E+00
65408,0.00E+00
31937,0.00E+00
28410,0.00E+00
38906,2.00E+00
19657,2.00E+00
38601,0.00E+00
29325,0.00E+00
51061,2.00E+00
66576,2.00E+00
16715,2.00E+00
48959,2.00E+00
50438,0.00E+00
19394,2.00E+00
37774,2.00E+00
66536,2.00E+00
11019,2.00E+00
758,2.00E+00
61096,2.00E+00
69162,2.00E+00
13278,2.00E+00
9569,2.00E+00
26221,2.00E+00
3852,0.00E+00
53129,0.00E+00
70598,2.00E+00
13007,2.00E+00
33867,2.00E+00
1651,2.00E+00
33349,0.00E+00
68273,2.00E+00
18597,2.00E+00
35981,0.00E+00
21201,2.00E+00
17985,2.00E+00
9116,0.00E+00
47063,2.00E+00
65310,0.00E+00
33303,2.00E+00
35044,0.00E+00
58497,2.00E+00
49765,2.00E+00
49126,0.00E+00
67849,0.00E+00
4270,0.00E+00
67153,2.00E+00
19768,2.00E+00
62165,2.00E+00
9047,2.00E+00
3142,2.00E+00
54553,2.00E+00
71255,2.00E+00
40798,0.00E+00
2231,0.00E+00
50817,2.00E+00
59042,2.00E+00
25870,2.00E+00
47176,0.00E+00
1191,2.00E+00
10605,2.00E+00
39374,0.00E+00
64328,2.00E+00
14029,2.00E+00
32099,0.00E+00
71107,2.00E+00
40653,2.00E+00
37459,2.00E+00
55196,0.00E+00
73171,2.00E+00
7708,0.00E+00
52526,2.00E+00
46376,2.00E+00
1168,2.00E+00
47750,2.00E+00
37522,2.00E+00
62962,0.00E+00
42784,0.00E+00
17207,2.00E+00
62479,2.00E+00
36958,2.00E+00
11516,0.00E+00
43872,0.00E+00
68588,0.00E+00
67892,2.00E+00
29320,2.00E+00
39933,2.00E+00
51510,0.00E+00
55448,2.00E+00
1657,0.00E+00
14907,0.00E+00
21541,0.00E+00
23289,2.00E+00
62774,2.00E+00
53101,0.00E+00
3246,0.00E+00
20458,0.00E+00
17561,0.00E+00
53951,0.00E+00
6445,2.00E+00
33872,2.00E+00
52599,2.00E+00
70075,2.00E+00
7175,1.00E+00
49280,0.00E+00
55016,2.00E+00
70578,0.00E+00
7584,0.00E+00
4634,0.00E+00
3661,0.00E+00
23361,2.00E+00
34294,2.00E+00
54074,1.00E+00
49032,2.00E+00
52181,2.00E+00
51653,2.00E+00
56384,0.00E+00
33124,2.00E+00
70788,0.00E+00
993,2.00E+00
65687,2.00E+00
24249,0.00E+00
22681,0.00E+00
10048,0.00E+00
60265,0.00E+00
16496,2.00E+00
6653,1.00E+00
24165,2.00E+00
53753,0.00E+00
306,0.00E+00
49079,2.00E+00
11676,2.00E+00
64200,1.00E+00
70111,0.00E+00
68250,2.00E+00
13810,2.00E+00
37171,0.00E+00
69245,0.00E+00
15057,2.00E+00
57098,2.00E+00
43544,0.00E+00
28651,2.00E+00
38799,2.00E+00
38520,2.00E+00
2215,0.00E+00
45090,0.00E+00
32737,2.00E+00
31384,2.00E+00
40121,2.00E+00
70816,0.00E+00
24743,2.00E+00
15692,0.00E+00
47041,0.00E+00
16511,1.00E+00
64716,0.00E+00
16265,2.00E+00
24193,2.00E+00
71947,2.00E+00
61996,2.00E+00
32826,2.00E+00
13593,2.00E+00
67488,2.00E+00
45041,2.00E+00
313,0.00E+00
5167,2.00E+00
32051,2.00E+00
30308,2.00E+00
59823,2.00E+00
44691,2.00E+00
1155,2.00E+00
65263,0.00E+00
65069,0.00E+00
5434,2.00E+00
63747,2.00E+00
50115,0.00E+00
31577,2.00E+00
13812,2.00E+00
44787,2.00E+00
5317,0.00E+00
19353,2.00E+00
5365,2.00E+00
49778,2.00E+00
42213,0.00E+00
4694,2.00E+00
60273,0.00E+00
54611,0.00E+00
50989,2.00E+00
29847,2.00E+00
57870,2.00E+00
24270,2.00E+00
64382,0.00E+00
11950,0.00E+00
65120,0.00E+00
2372,2.00E+00
2844,0.00E+00
36232,2.00E+00
17707,2.00E+00
12546,2.00E+00
37087,0.00E+00
55064,0.00E+00
14348,0.00E+00
46675,0.00E+00
3772,2.00E+00
5407,0.00E+00
13534,2.00E+00
11523,0.00E+00
55348,0.00E+00
39162,2.00E+00
49394,0.00E+00
736,0.00E+00
55865,2.00E+00
31107,0.00E+00
447,2.00E+00
3211,0.00E+00
44793,2.00E+00
57889,2.00E+00
30007,2.00E+00
44519,2.00E+00
32783,0.00E+00
6915,2.00E+00
7289,2.00E+00
34701,2.00E+00
8537,0.00E+00
25134,2.00E+00
4561,2.00E+00
52770,2.00E+00
45655,2.00E+00
39532,0.00E+00
19680,0.00E+00
20361,0.00E+00
54013,2.00E+00
13749,2.00E+00
60199,0.00E+00
50913,1.00E+00
30133,2.00E+00
12809,0.00E+00
24244,0.00E+00
35554,0.00E+00
73463,2.00E+00
46523,0.00E+00
64961,0.00E+00
17672,2.00E+00
23471,2.00E+00
30372,2.00E+00
42366,2.00E+00
28629,2.00E+00
10488,2.00E+00
60229,0.00E+00
27884,0.00E+00
24207,0.00E+00
50567,0.00E+00
12555,0.00E+00
11327,1.00E+00
32013,0.00E+00
50166,2.00E+00
55458,0.00E+00
29767,2.00E+00
19388,0.00E+00
15576,0.00E+00
62987,2.00E+00
3965,0.00E+00
62538,0.00E+00
44943,2.00E+00
16143,0.00E+00
68576,2.00E+00
21536,0.00E+00
41903,0.00E+00
72525,2.00E+00
15614,2.00E+00
71788,0.00E+00
70438,0.00E+00
68715,0.00E+00
2256,0.00E+00
48900,2.00E+00
9154,2.00E+00
60857,0.00E+00
7748,2.00E+00
50565,0.00E+00
70254,0.00E+00
70944,0.00E+00
13383,0.00E+00
51149,2.00E+00
67969,0.00E+00
12084,0.00E+00
42653,2.00E+00
37753,0.00E+00
19085,2.00E+00
27847,1.00E+00
23016,2.00E+00
25632,0.00E+00
17043,0.00E+00
71056,0.00E+00
9109,2.00E+00
15531,0.00E+00
19437,2.00E+00
47722,2.00E+00
4493,0.00E+00
23159,2.00E+00
28478,0.00E+00
56139,0.00E+00
58624,0.00E+00
5373,2.00E+00
14300,0.00E+00
56845,2.00E+00
42156,0.00E+00
4162,0.00E+00
19738,2.00E+00
26968,2.00E+00
62552,0.00E+00
11277,2.00E+00
11349,0.00E+00
41630,2.00E+00
71391,2.00E+00
62687,0.00E+00
54659,2.00E+00
24314,2.00E+00
12239,2.00E+00
40143,2.00E+00
1634,0.00E+00
8301,2.00E+00
39429,2.00E+00
36671,2.00E+00
29699,2.00E+00
37144,0.00E+00
62635,2.00E+00
14504,2.00E+00
262,2.00E+00
35054,2.00E+00
33834,2.00E+00
43129,2.00E+00
70037,2.00E+00
15147,2.00E+00
17768,1.00E+00
18555,2.00E+00
71723,0.00E+00
1348,0.00E+00
9904,2.00E+00
38951,2.00E+00
9813,0.00E+00
7631,2.00E+00
3522,2.00E+00
24596,2.00E+00
9924,2.00E+00
41844,0.00E+00
50444,2.00E+00
7929,0.00E+00
73524,2.00E+00
52716,0.00E+00
57821,2.00E+00
25855,2.00E+00
11254,0.00E+00
69242,0.00E+00
29877,2.00E+00
41815,0.00E+00
31599,0.00E+00
43733,0.00E+00
64863,2.00E+00
32844,0.00E+00
48257,2.00E+00
32924,0.00E+00
42949,0.00E+00
52549,0.00E+00
17895,2.00E+00
73886,0.00E+00
38888,0.00E+00
69836,2.00E+00
6059,2.00E+00
16997,0.00E+00
34464,2.00E+00
38454,2.00E+00
34011,2.00E+00
27312,2.00E+00
74178,0.00E+00
64149,2.00E+00
17087,2.00E+00
9577,2.00E+00
41349,0.00E+00
53712,0.00E+00
8127,2.00E+00
56533,0.00E+00
32956,2.00E+00
49634,2.00E+00
38409,2.00E+00
4653,2.00E+00
72601,2.00E+00
15457,0.00E+00
11948,2.00E+00
66753,2.00E+00
42293,2.00E+00
61083,0.00E+00
38712,2.00E+00
9925,2.00E+00
52628,2.00E+00
12271,2.00E+00
23200,2.00E+00
50429,2.00E+00
15245,0.00E+00
939,2.00E+00
14332,0.00E+00
45788,0.00E+00
46014,2.00E+00
17570,2.00E+00
17420,2.00E+00
71161,0.00E+00
15441,0.00E+00
19858,2.00E+00
28230,0.00E+00
44759,0.00E+00
31992,2.00E+00
54068,1.00E+00
28535,2.00E+00
25567,2.00E+00
15277,2.00E+00
60286,2.00E+00
25461,0.00E+00
7352,0.00E+00
55218,0.00E+00
27631,2.00E+00
28609,0.00E+00
25251,2.00E+00
59036,2.00E+00
19474,2.00E+00
62147,2.00E+00
12391,0.00E+00
107,2.00E+00
69364,2.00E+00
53840,2.00E+00
52706,0.00E+00
30712,0.00E+00
44802,0.00E+00
46725,2.00E+00
56808,2.00E+00
15791,2.00E+00
24917,0.00E+00
3886,2.00E+00
50940,0.00E+00
39987,0.00E+00
65710,2.00E+00
31641,0.00E+00
45233,2.00E+00
6559,2.00E+00
68844,2.00E+00
48688,2.00E+00
32740,0.00E+00
25425,0.00E+00
62407,0.00E+00
27320,2.00E+00
35502,2.00E+00
63659,2.00E+00
46192,0.00E+00
38477,0.00E+00
10735,2.00E+00
60143,0.00E+00
66276,2.00E+00
38524,2.00E+00
47759,2.00E+00
39241,2.00E+00
37052,2.00E+00
48587,2.00E+00
34093,0.00E+00
64507,2.00E+00
25914,0.00E+00
35106,2.00E+00
32971,2.00E+00
24633,2.00E+00
3527,0.00E+00
32874,2.00E+00
10526,1.00E+00
64832,0.00E+00
47331,2.00E+00
10982,0.00E+00
72151,2.00E+00
29366,0.00E+00
50455,0.00E+00
8399,0.00E+00
53086,0.00E+00
26887,0.00E+00
42006,0.00E+00
41638,0.00E+00
23224,2.00E+00
24504,2.00E+00
47619,2.00E+00
399,2.00E+00
64398,2.00E+00
66005,2.00E+00
24357,0.00E+00
13756,0.00E+00
18310,2.00E+00
32214,2.00E+00
148,2.00E+00
73825,2.00E+00
26093,2.00E+00
61921,0.00E+00
55022,2.00E+00
33675,2.00E+00
23872,2.00E+00
41375,0.00E+00
36680,0.00E+00
48428,0.00E+00
73923,2.00E+00
40796,0.00E+00
62086,0.00E+00
51969,2.00E+00
15847,0.00E+00
1755,2.00E+00
68634,2.00E+00
54357,2.00E+00
38314,1.00E+00
33218,0.00E+00
73194,2.00E+00
15391,0.00E+00
15842,2.00E+00
68663,2.00E+00
16850,2.00E+00
39825,0.00E+00
59336,2.00E+00
39038,2.00E+00
42300,2.00E+00
32445,2.00E+00
48820,2.00E+00
68388,2.00E+00
14189,0.00E+00
57110,2.00E+00
72026,2.00E+00
464,0.00E+00
41461,2.00E+00
15249,2.00E+00
30490,2.00E+00
58414,2.00E+00
66211,0.00E+00
64343,2.00E+00
27308,0.00E+00
32720,2.00E+00
19561,0.00E+00
4581,0.00E+00
17730,2.00E+00
10805,2.00E+00
67388,0.00E+00
48205,0.00E+00
31906,2.00E+00
10276,2.00E+00
57205,2.00E+00
26212,0.00E+00
30584,0.00E+00
2153,2.00E+00
43833,2.00E+00
60902,2.00E+00
40934,2.00E+00
63175,2.00E+00
36717,2.00E+00
45037,2.00E+00
52381,0.00E+00
18517,2.00E+00
59085,2.00E+00
48645,2.00E+00
28736,0.00E+00
56394,2.00E+00
29193,2.00E+00
27835,2.00E+00
27844,0.00E+00
49004,2.00E+00
13993,0.00E+00
26558,2.00E+00
69606,2.00E+00
72239,2.00E+00
23183,2.00E+00
64346,0.00E+00
1758,0.00E+00
26828,2.00E+00
14430,0.00E+00
74016,2.00E+00
51832,2.00E+00
71076,2.00E+00
44267,0.00E+00
47723,2.00E+00
49265,0.00E+00
5259,2.00E+00
30028,0.00E+00
34782,2.00E+00
27227,2.00E+00
30137,0.00E+00
37460,2.00E+00
1972,0.00E+00
56262,2.00E+00
71059,0.00E+00
30906,2.00E+00
27154,0.00E+00
42993,2.00E+00
502,2.00E+00
24644,2.00E+00
65048,2.00E+00
70382,2.00E+00
68138,2.00E+00
64653,0.00E+00
7798,0.00E+00
16406,2.00E+00
36125,2.00E+00
35544,2.00E+00
48143,2.00E+00
33683,2.00E+00
69532,0.00E+00
64413,2.00E+00
1193,2.00E+00
6622,2.00E+00
33857,2.00E+00
64741,2.00E+00
13206,2.00E+00
5884,0.00E+00
54845,2.00E+00
36824,2.00E+00
62610,2.00E+00
26907,2.00E+00
7653,0.00E+00
43052,2.00E+00
42386,0.00E+00
32006,0.00E+00
74033,0.00E+00
46434,0.00E+00
1842,2.00E+00
23374,2.00E+00
31172,0.00E+00
38766,2.00E+00
44912,0.00E+00
23891,2.00E+00
18002,0.00E+00
10354,2.00E+00
16804,2.00E+00
47532,2.00E+00
11707,0.00E+00
53436,0.00E+00
51104,2.00E+00
38749,2.00E+00
2287,2.00E+00
48955,0.00E+00
49332,2.00E+00
7005,2.00E+00
44996,2.00E+00
33757,2.00E+00
18317,0.00E+00
43401,0.00E+00
46651,2.00E+00
2220,2.00E+00
46262,2.00E+00
18064,2.00E+00
53046,0.00E+00
74161,0.00E+00
14993,2.00E+00
73155,2.00E+00
4012,1.00E+00
13602,0.00E+00
65033,2.00E+00
67396,2.00E+00
59857,2.00E+00
50069,0.00E+00
57611,0.00E+00
56771,2.00E+00
19406,2.00E+00
38027,0.00E+00
45216,0.00E+00
54789,0.00E+00
19404,2.00E+00
37995,2.00E+00
10071,0.00E+00
55502,2.00E+00
71844,2.00E+00
24723,0.00E+00
9932,2.00E+00
70865,2.00E+00
47916,2.00E+00
61820,0.00E+00
20009,2.00E+00
17506,2.00E+00
13233,2.00E+00
26760,0.00E+00
36718,0.00E+00
1326,0.00E+00
29829,2.00E+00
43945,2.00E+00
42081,0.00E+00
70841,2.00E+00
57263,2.00E+00
67420,2.00E+00
29356,0.00E+00
30596,0.00E+00
18298,2.00E+00
29022,0.00E+00
29110,2.00E+00
67979,2.00E+00
70084,2.00E+00
17835,2.00E+00
33999,2.00E+00
66972,2.00E+00
18933,2.00E+00
59507,2.00E+00
25073,0.00E+00
41952,2.00E+00
15759,2.00E+00
37516,2.00E+00
27140,2.00E+00
3153,2.00E+00
39713,0.00E+00
28613,0.00E+00
46710,2.00E+00
59491,2.00E+00
50020,2.00E+00
63963,2.00E+00
46790,2.00E+00
50668,2.00E+00
44661,2.00E+00
38038,0.00E+00
10373,0.00E+00
45557,2.00E+00
15944,2.00E+00
57038,2.00E+00
59455,0.00E+00
42657,2.00E+00
13187,0.00E+00
52163,0.00E+00
7073,2.00E+00
28458,2.00E+00
40992,0.00E+00
19200,2.00E+00
38625,2.00E+00
50829,2.00E+00
2385,2.00E+00
42928,2.00E+00
58764,1.00E+00
10992,0.00E+00
29929,2.00E+00
15693,2.00E+00
20799,2.00E+00
40849,0.00E+00
26618,1.00E+00
37245,0.00E+00
4500,2.00E+00
17605,2.00E+00
16634,2.00E+00
73468,0.00E+00
15324,2.00E+00
47961,0.00E+00
16051,0.00E+00
51457,2.00E+00
18916,0.00E+00
8768,2.00E+00
5120,0.00E+00
9310,2.00E+00
50997,2.00E+00
1921,0.00E+00
48113,0.00E+00
28274,2.00E+00
62348,0.00E+00
48818,2.00E+00
6759,2.00E+00
119,0.00E+00
17067,0.00E+00
27490,2.00E+00
26504,0.00E+00
11207,0.00E+00
62074,2.00E+00
20559,0.00E+00
7587,0.00E+00
9867,2.00E+00
8571,2.00E+00
71920,2.00E+00
50932,0.00E+00
20774,0.00E+00
66361,2.00E+00
41906,2.00E+00
17903,2.00E+00
17771,0.00E+00
44664,2.00E+00
5339,2.00E+00
24433,2.00E+00
16953,0.00E+00
56757,0.00E+00
42180,2.00E+00
33967,0.00E+00
9667,0.00E+00
29675,2.00E+00
4398,2.00E+00
43633,1.00E+00
36226,0.00E+00
648,2.00E+00
23481,2.00E+00
21054,2.00E+00
14746,0.00E+00
15609,0.00E+00
69868,0.00E+00
57069,0.00E+00
47576,0.00E+00
59995,0.00E+00
71044,0.00E+00
66624,0.00E+00
19980,2.00E+00
19343,2.00E+00
13657,0.00E+00
64502,0.00E+00
71885,0.00E+00
40284,0.00E+00
71201,0.00E+00
14954,2.00E+00
26339,0.00E+00
16041,0.00E+00
31638,0.00E+00
30940,0.00E+00
47771,2.00E+00
15747,2.00E+00
61610,0.00E+00
71200,0.00E+00
28077,0.00E+00
41137,0.00E+00
66339,2.00E+00
7639,2.00E+00
21922,2.00E+00
42562,0.00E+00
24028,2.00E+00
35955,2.00E+00
24318,2.00E+00
43795,2.00E+00
64625,2.00E+00
73486,0.00E+00
45065,2.00E+00
59984,0.00E+00
1848,2.00E+00
48443,0.00E+00
46045,0.00E+00
18195,2.00E+00
7227,2.00E+00
44590,1.00E+00
56402,2.00E+00
58690,0.00E+00
9317,2.00E+00
15394,2.00E+00
52035,0.00E+00
21288,2.00E+00
25781,2.00E+00
1645,2.00E+00
54290,0.00E+00
20119,2.00E+00
63227,2.00E+00
3403,2.00E+00
12204,2.00E+00
34806,2.00E+00
38966,0.00E+00
3445,2.00E+00
15980,0.00E+00
53039,2.00E+00
51767,0.00E+00
38583,2.00E+00
54,2.00E+00
43043,0.00E+00
5926,2.00E+00
56816,2.00E+00
34026,0.00E+00
40776,2.00E+00
40450,2.00E+00
58461,0.00E+00
63864,2.00E+00
35063,0.00E+00
67592,2.00E+00
29138,0.00E+00
57259,2.00E+00
16826,2.00E+00
12246,2.00E+00
53247,2.00E+00
59464,0.00E+00
54550,2.00E+00
38339,0.00E+00
24539,2.00E+00
29622,0.00E+00
50377,2.00E+00
24785,2.00E+00
21062,2.00E+00
10653,2.00E+00
5455,2.00E+00
68846,0.00E+00
35286,0.00E+00
47189,2.00E+00
55395,2.00E+00
35891,2.00E+00
33292,2.00E+00
25561,2.00E+00
16852,0.00E+00
43722,0.00E+00
73161,2.00E+00
18284,2.00E+00
38697,0.00E+00
61519,0.00E+00
8566,0.00E+00
30663,0.00E+00
11697,2.00E+00
10469,2.00E+00
62737,0.00E+00
14390,0.00E+00
52866,2.00E+00
43174,2.00E+00
34234,0.00E+00
63942,2.00E+00
46514,0.00E+00
18480,2.00E+00
19721,0.00E+00
3842,2.00E+00
50948,2.00E+00
69080,2.00E+00
50094,2.00E+00
37216,2.00E+00
23210,2.00E+00
56651,0.00E+00
45152,2.00E+00
48592,0.00E+00
40966,2.00E+00
73530,2.00E+00
10047,0.00E+00
51781,0.00E+00
48737,0.00E+00
52303,2.00E+00
40827,2.00E+00
53752,2.00E+00
10785,2.00E+00
67853,0.00E+00
62778,0.00E+00
61382,2.00E+00
487,0.00E+00
48932,2.00E+00
36383,2.00E+00
69160,0.00E+00
20241,0.00E+00
49166,2.00E+00
25757,2.00E+00
41750,0.00E+00
40785,0.00E+00
29018,2.00E+00
555,0.00E+00
57819,2.00E+00
58730,2.00E+00
42142,2.00E+00
16173,0.00E+00
994,0.00E+00
5651,2.00E+00
72292,2.00E+00
40997,0.00E+00
33912,2.00E+00
25661,2.00E+00
52271,2.00E+00
32165,2.00E+00
12878,2.00E+00
15603,0.00E+00
47918,2.00E+00
30858,2.00E+00
44129,2.00E+00
69094,2.00E+00
47328,2.00E+00
27132,2.00E+00
18496,1.00E+00
25377,0.00E+00
14500,0.00E+00
18915,0.00E+00
68342,2.00E+00
51038,0.00E+00
32106,0.00E+00
44369,2.00E+00
30604,0.00E+00
64236,2.00E+00
51650,0.00E+00
61810,2.00E+00
61304,2.00E+00
71493,2.00E+00
2586,0.00E+00
46956,0.00E+00
70384,2.00E+00
55311,2.00E+00
35194,2.00E+00
67647,0.00E+00
56353,2.00E+00
5977,0.00E+00
16726,0.00E+00
30265,2.00E+00
7393,0.00E+00
22805,2.00E+00
36804,2.00E+00
40546,2.00E+00
6354,0.00E+00
21625,0.00E+00
27725,2.00E+00
13029,2.00E+00
56373,2.00E+00
29945,0.00E+00
8171,2.00E+00
57106,2.00E+00
19536,0.00E+00
24330,2.00E+00
70600,2.00E+00
47237,2.00E+00
53125,0.00E+00
41482,2.00E+00
21648,2.00E+00
2414,2.00E+00
3263,2.00E+00
73865,2.00E+00
66869,2.00E+00
14927,0.00E+00
22559,0.00E+00
57087,2.00E+00
54806,2.00E+00
43329,2.00E+00
6014,0.00E+00
53169,2.00E+00
40959,2.00E+00
70913,2.00E+00
62055,2.00E+00
31372,2.00E+00
68268,2.00E+00
15572,2.00E+00
32534,2.00E+00
15630,0.00E+00
12430,2.00E+00
27046,0.00E+00
27424,2.00E+00
36504,2.00E+00
20646,2.00E+00
28519,2.00E+00
22110,0.00E+00
17741,2.00E+00
55393,0.00E+00
25955,2.00E+00
8935,0.00E+00
70172,2.00E+00
4809,2.00E+00
30864,2.00E+00
71347,0.00E+00
19215,0.00E+00
12412,2.00E+00
37271,2.00E+00
53365,2.00E+00
21643,0.00E+00
62290,2.00E+00
25841,0.00E+00
42340,2.00E+00
16130,2.00E+00
29997,2.00E+00
27892,2.00E+00
42984,0.00E+00
5327,2.00E+00
13018,2.00E+00
17412,0.00E+00
57058,0.00E+00
71300,0.00E+00
63238,2.00E+00
19542,0.00E+00
58922,2.00E+00
68521,2.00E+00
50795,2.00E+00
66331,2.00E+00
3677,2.00E+00
47239,0.00E+00
56650,0.00E+00
32114,0.00E+00
12928,0.00E+00
55531,0.00E+00
5875,0.00E+00
32266,2.00E+00
66244,2.00E+00
42583,0.00E+00
19120,2.00E+00
35073,0.00E+00
44418,2.00E+00
115,0.00E+00
8268,0.00E+00
35125,2.00E+00
4748,2.00E+00
40479,0.00E+00
59223,2.00E+00
2628,2.00E+00
69718,0.00E+00
49619,2.00E+00
48979,2.00E+00
38079,0.00E+00
48542,0.00E+00
71855,2.00E+00
471,2.00E+00
18605,0.00E+00
73456,2.00E+00
66129,2.00E+00
23903,2.00E+00
18741,2.00E+00
66302,0.00E+00
12951,0.00E+00
16118,0.00E+00
15537,2.00E+00
28078,2.00E+00
18525,2.00E+00
16148,2.00E+00
18460,2.00E+00
47826,2.00E+00
13098,0.00E+00
13940,0.00E+00
31680,0.00E+00
15779,0.00E+00
484,0.00E+00
22357,2.00E+00
65527,2.00E+00
46226,0.00E+00
52852,2.00E+00
67290,2.00E+00
53877,2.00E+00
56829,2.00E+00
3630,0.00E+00
72674,2.00E+00
70704,0.00E+00
34356,0.00E+00
17029,2.00E+00
67906,0.00E+00
34455,2.00E+00
54868,2.00E+00
8548,0.00E+00
57848,2.00E+00
63761,0.00E+00
45249,0.00E+00
36822,2.00E+00
61127,0.00E+00
53057,2.00E+00
31962,0.00E+00
1360,2.00E+00
18732,2.00E+00
39549,0.00E+00
10238,2.00E+00
41089,0.00E+00
14225,2.00E+00
36010,0.00E+00
8358,2.00E+00
26514,2.00E+00
56898,0.00E+00
2431,2.00E+00
52470,2.00E+00
25853,2.00E+00
47829,2.00E+00
46985,2.00E+00
54303,2.00E+00
23193,2.00E+00
2245,0.00E+00
22944,2.00E+00
5017,2.00E+00
4721,2.00E+00
15247,0.00E+00
23320,2.00E+00
4781,2.00E+00
23246,2.00E+00
58042,2.00E+00
34707,2.00E+00
14248,0.00E+00
7727,0.00E+00
14734,2.00E+00
46356,2.00E+00
38927,0.00E+00
54859,0.00E+00
47971,2.00E+00
53410,2.00E+00
6670,2.00E+00
32373,0.00E+00
17877,2.00E+00
20639,0.00E+00
48694,0.00E+00
35687,2.00E+00
7072,2.00E+00
20740,0.00E+00
38288,0.00E+00
52849,2.00E+00
73741,2.00E+00
17783,0.00E+00
1041,2.00E+00
68271,0.00E+00
46314,2.00E+00
61316,0.00E+00
53582,2.00E+00
32506,2.00E+00
33020,0.00E+00
45958,2.00E+00
21764,0.00E+00
34843,2.00E+00
33271,2.00E+00
58830,2.00E+00
12339,2.00E+00
55817,0.00E+00
10900,2.00E+00
59828,2.00E+00
69879,2.00E+00
46009,0.00E+00
65513,2.00E+00
25087,0.00E+00
61934,2.00E+00
49552,0.00E+00
22487,2.00E+00
42608,2.00E+00
29686,0.00E+00
41290,2.00E+00
25170,0.00E+00
35204,2.00E+00
1668,2.00E+00
70248,0.00E+00
72213,0.00E+00
55829,0.00E+00
73210,0.00E+00
18495,2.00E+00
17225,2.00E+00
14613,2.00E+00
53211,2.00E+00
16969,2.00E+00
37580,0.00E+00
39737,0.00E+00
55747,0.00E+00
30841,2.00E+00
11010,0.00E+00
46025,2.00E+00
48815,0.00E+00
67576,2.00E+00
53921,0.00E+00
18997,0.00E+00
71231,2.00E+00
49962,0.00E+00
48238,2.00E+00
72833,2.00E+00
68288,2.00E+00
42953,0.00E+00
44446,2.00E+00
73373,0.00E+00
300,2.00E+00
4105,2.00E+00
70206,0.00E+00
23713,2.00E+00
65544,2.00E+00
4008,0.00E+00
45273,2.00E+00
54496,2.00E+00
72719,0.00E+00
40159,0.00E+00
33613,2.00E+00
69313,2.00E+00
11145,0.00E+00
43540,2.00E+00
50272,0.00E+00
25761,2.00E+00
58253,2.00E+00
72214,1.00E+00
52105,2.00E+00
54536,2.00E+00
36417,2.00E+00
71196,0.00E+00
57332,2.00E+00
42807,2.00E+00
45002,2.00E+00
42353,0.00E+00
29561,2.00E+00
46632,1.00E+00
35475,0.00E+00
72380,2.00E+00
72100,2.00E+00
51804,0.00E+00
40547,2.00E+00
36442,0.00E+00
15122,2.00E+00
56774,0.00E+00
28302,2.00E+00
3662,2.00E+00
48170,2.00E+00
5381,1.00E+00
58413,2.00E+00
17402,2.00E+00
17793,0.00E+00
3163,2.00E+00
73328,2.00E+00
42288,0.00E+00
52694,2.00E+00
29211,0.00E+00
36542,2.00E+00
66450,0.00E+00
63352,2.00E+00
65588,2.00E+00
19493,2.00E+00
15169,2.00E+00
13095,2.00E+00
19375,2.00E+00
59766,2.00E+00
69614,0.00E+00
9707,0.00E+00
56382,2.00E+00
39534,2.00E+00
14387,2.00E+00
74136,0.00E+00
1503,0.00E+00
13733,2.00E+00
69376,0.00E+00
14727,2.00E+00
38127,2.00E+00
57701,2.00E+00
7258,0.00E+00
48875,0.00E+00
19372,0.00E+00
20924,0.00E+00
43186,2.00E+00
15076,0.00E+00
31070,2.00E+00
59006,0.00E+00
4928,0.00E+00
3080,2.00E+00
13234,2.00E+00
52144,0.00E+00
59650,0.00E+00
62445,2.00E+00
28689,2.00E+00
42205,1.00E+00
4909,0.00E+00
4140,0.00E+00
18795,2.00E+00
68757,2.00E+00
26810,2.00E+00
18018,2.00E+00
14477,0.00E+00
66981,2.00E+00
20885,2.00E+00
46751,2.00E+00
11424,0.00E+00
17478,2.00E+00
10636,2.00E+00
43748,2.00E+00
34606,2.00E+00
69235,2.00E+00
72760,2.00E+00
41026,0.00E+00
29470,2.00E+00
25310,2.00E+00
61957,2.00E+00
63951,2.00E+00
16499,2.00E+00
11548,2.00E+00
39949,2.00E+00
57089,2.00E+00
21655,2.00E+00
60395,2.00E+00
60258,2.00E+00
46563,2.00E+00
18103,2.00E+00
29469,2.00E+00
2652,2.00E+00
29813,2.00E+00
37280,0.00E+00
32503,2.00E+00
26227,0.00E+00
42726,2.00E+00
24613,2.00E+00
67627,2.00E+00
46153,0.00E+00
22666,0.00E+00
22951,0.00E+00
65593,2.00E+00
29878,2.00E+00
11568,2.00E+00
253,0.00E+00
71538,2.00E+00
72166,2.00E+00
25487,2.00E+00
17551,0.00E+00
8611,2.00E+00
9436,0.00E+00
7554,2.00E+00
31450,0.00E+00
41169,2.00E+00
30162,0.00E+00
23885,2.00E+00
35922,0.00E+00
28856,2.00E+00
43155,2.00E+00
16232,2.00E+00
29289,2.00E+00
48025,2.00E+00
1160,2.00E+00
20105,2.00E+00
35527,2.00E+00
72981,2.00E+00
37421,2.00E+00
30880,2.00E+00
52602,2.00E+00
4899,2.00E+00
13880,2.00E+00
25926,2.00E+00
54549,0.00E+00
17843,0.00E+00
69183,2.00E+00
26391,0.00E+00
33347,0.00E+00
7261,0.00E+00
55267,2.00E+00
45516,2.00E+00
36732,2.00E+00
58607,0.00E+00
40753,0.00E+00
28255,2.00E+00
63038,2.00E+00
7797,2.00E+00
74117,2.00E+00
42031,2.00E+00
12473,2.00E+00
57435,2.00E+00
13876,2.00E+00
59563,2.00E+00
29422,2.00E+00
57751,0.00E+00
53802,0.00E+00
64256,0.00E+00
51468,2.00E+00
66727,1.00E+00
22967,2.00E+00
42002,2.00E+00
62741,2.00E+00
51253,0.00E+00
55262,2.00E+00
50466,0.00E+00
35946,0.00E+00
13112,2.00E+00
52447,2.00E+00
47265,2.00E+00
50192,0.00E+00
50904,0.00E+00
70316,2.00E+00
27455,2.00E+00
6384,2.00E+00
49398,0.00E+00
40246,2.00E+00
73302,0.00E+00
10518,2.00E+00
42332,0.00E+00
69520,0.00E+00
24451,2.00E+00
55838,2.00E+00
71800,1.00E+00
64038,2.00E+00
55889,2.00E+00
32392,0.00E+00
34758,2.00E+00
45196,2.00E+00
2836,2.00E+00
30716,0.00E+00
6910,0.00E+00
36468,2.00E+00
28260,2.00E+00
55563,2.00E+00
45804,0.00E+00
2558,2.00E+00
71038,2.00E+00
56099,0.00E+00
13384,2.00E+00
57680,0.00E+00
34923,2.00E+00
72726,0.00E+00
47295,2.00E+00
71353,0.00E+00
45859,0.00E+00
24751,2.00E+00
59639,2.00E+00
62412,0.00E+00
53095,0.00E+00
66704,2.00E+00
20804,2.00E+00
29169,0.00E+00
48572,2.00E+00
37673,0.00E+00
19864,0.00E+00
37503,2.00E+00
48226,0.00E+00
19557,0.00E+00
16146,0.00E+00
35060,2.00E+00
47642,2.00E+00
34318,0.00E+00
63151,0.00E+00
22848,0.00E+00
34780,2.00E+00
27915,0.00E+00
68945,2.00E+00
68541,0.00E+00
9426,2.00E+00
41487,0.00E+00
35002,2.00E+00
13410,2.00E+00
9117,2.00E+00